LABEL,Headline
tiktok good,Sure three year olds critics love this animated series about family dogs most vocal fans grownup commenters TikTok
tiktok good,tired music streaming apps deciding what should listen take back power PlaylistAI that uses help create playlists easily compatible with Spotify Apple Music lets specify kind
tiktok good,Maybe already realize this puberty wild From ages about tweens trying figure function world even while everything about them changes blame them zoning TikTok maybe picking
tiktok good,more video game veterans forming studio after leaving industry heavyweight leaders from Forza Horizon creator Playground Games have established Maverick Games Leamington Spak development house devoted titles Gamesindustr
tiktok good,TikTok creators offer tips tricks credit card users should wary potentially advice from self proclaimed money experts
tiktok good,Wikipedia free encyclopedia that anyone edit says right homepage editing Wikipedia articles pretty intimidating especially newbies curious about editing know where start great news Annie
tiktok good,customer went viral what next
tiktok good,been around long enough know that best entrepreneurs often driven deep personal injuries
tiktok good,Comments
tiktok good,Borzois were already popular social media their long snouts ennui Muppets involved what going Calla apparently there TikTok trend that filtered through Instagram where geriatric
tiktok good,TikTok video showed candid view into what nearly Google employees experienced last Friday
tiktok good,Fans accurate physics engine reimagine historic shipwrecks makes difficult look away shark swims slowly serenely beneath Bismarck seconds before sinks deep into ocean Seemingly nowhere battleship tilts
tiktok good,hashtag weirdos received nearly views women covertly record their experiencesWomen have long been hyper vigilant about unwanted male attention before smartphones sense they were being stared more feeling
tiktok good,Kayla Burk been extreme couponer years Even during inflation says there always good offers groceries other necessities
tiktok good,Twitter rolled tabbed interface home screen where default feed dictated algorithm
tiktok good,Sensationalist headlines reactionary calls stricter moderation risk missing forest treesIs there platform that creates much collective angst TikTok some TikTok just silly video others symbol
tiktok good,More young workers posting honest vlogs discussing unemployment Some finding jobs building source income
tiktok good,Inside social video scandal Plus Musk continues Trump tech Apple might finally make metaverse interesting TechScape delivered your inbox Sign full article here Hello welcome TechScape
tiktok good,Council steps after videos social media turn Nottinghamshire river crossing into viral tourist attractionDeep English countryside ancient river crossing that been used various forms least years featured Dome
tiktok good,TikTok star mascara review sparks snowballing controversy among beauty community some most controversial gurus speaking
tiktok good,firm shares surge helped better than expected growth daily users
tiktok good,astounded seeing this little older still grinding working hour shifts TikToker Rory McCarty wrote GoFundMe page
tiktok good,TikToker Dylan Mulvaney became most recognizable faces platform after series documenting every being girl went viral
tiktok good,Influencer founded beauty brands have seen mixed results over years Sephora dropping beauty lines TikTok stars
tiktok good,viral video former Walmart employee shows what posted that reportedly lead being
tiktok good,know about Rapp from TikTok Broadway says that just been service true passion solo music career
tiktok good,Instagram algorithm favors creators influencers whereas TikTok algorithm favors most interesting content catch
tiktok good,Nikki Main covers breaking news Gizmodo follow coverage here email story ideas tips nmcaleese gizmodo Read more
tiktok good,Boom advertising trend creatures promote everything from cars collars ferries welliesAt first glance Hugo Huxley look like thousands other golden retrievers these influencers make their owner Ursula Aitchison more
tiktok good,Before downloaded TikTok which currently most downloaded world headlines tried spook over vile international plots siphon personal data Grown anyone least years older than tsked generation shriveled
tiktok good,TikToker used term mascara post about consensual made light seemingly realizing TikToker speaking about sexual assault
tiktok good,have seen fair share hilarious disturbing surreal advertisements mobile games seems almost impossible avoid them while watching gaming videos TikTok scrolling through your Twitter feed Read more
tiktok good,This often overlooked classic flatterer made comeback thanks TikTokWhether care about TikTok thank alone rescuing brown mascara from discontinued doldrums Before Charlotte Tilbury berry toned brown Dream
tiktok good,hospital worker selling study materials says people like notes because they hand written very concise
tiktok good,Disgraced YouTube influencer turned amateur boxer turned publisher Logan Paul once again universally loathed after animal sanctuary Gentle Barn released TikTok Monday suggesting rescued former from wild Named Pearl
tiktok good,Charity content freaking
tiktok good,Keith didn expect TikTok Vegas food reviews dedicated following quickly propelled online fame
tiktok good,Abortion toxic masculinity human extinction What best talk children about issues expertsIf they lucky enough avoid them home children nonetheless exposed toxic relationships socia
tiktok good,State federal lawsuits bills with reaching regulatory implications TikTok Meta others come head this yearSocial media companies United States bracing themselves battle onslaught state federal legislation
tiktok good,select wireless listening accessories
tiktok good,People Austin Texas shared their opinions whether members Congress compromise national security using TikTok Chinese owned short video
tiktok good,clean fridge salad spend possibly unhealthy amount time thought going scrolling TikTok watching other people clean their apartments mean that going debating whether needs recipe
tiktok good,Some Democrats Republicans calling amid ongoing concerns Beijing could access user data
tiktok good,Which breeds safest best when comes dogs
tiktok good,reality show which mothers sons live together start flirting weirdly kinky also oddly naturalIf woman certain struggling housing crisis could always check into Milf Manor reality show whic
tiktok good,London trio released their debut single Cardboard beat Fred Again Archives Gabriels annual poll which good record predicting breakout successLondon girl group have taken spot
tiktok good,Samsung officially revealed flagship lineup year Galaxy Ultra will sale Each phone starts different price point with Ultra being ultimate model Galaxy will also pack punc
tiktok good,This blow straighten curl diffuse your hair time half price Dyson coveted Airwrap
tiktok good,Experts humanizes profession building deeper connection between patients physicians
tiktok good,Three headed rabbit vibrators spinning butt plugs thrusting dildos Playboy first ever line came play hard dirty
tiktok good,Once great influential player Ronaldo avatar human greed symbol worrying shift sportIt would easy mention cheap pointless snigger sneer laugh Cristiano Ronaldo right think
tiktok good,actor reflects role zeitgeisty series subverting expectations horror nepo baby discourseFor those with even tentative online hard avoid impact yassified evil doll turned newly
tiktok good,Judd Albring works hours week posting video content crafting emails Here mostly passive income streams
tiktok good,your mutt good company
tiktok good,childhood smelled maple syrup After discovering TikTok induced reemergence freezing pancake batter cube trays days once again become maple scented Back time when there clear distinction between good eating pancakes
tiktok good,When Taylor Futch noticed everyone settling down packed bags works hostel country every months
tiktok good,ChatGPT tool will forbidden across devices networks public schools over concerns about negative impacts learning York City schools have banned ChatGPT artificial intelligence chatbot that generates human like writing including essay
tiktok good,only reason workers quiet quitting because they cannot afford loud quitting labor unions experience resurgence interest manufacturing higher education service industry transportation capitalists their managers compl
tiktok good,Mary Carrasquillo launched virtual assistant business when couldn find pandemic Here built
tiktok good,There shortage robot uprising fiction Western canon works Bradbury Philip Dick classics like Terminator family friendly spins like Mitchells Machines conceit that preys mankind
tiktok good,Some users sending surveys screen potential suitors quiz ever lead love night this January Robert Stewart scrolled through Hinge matches decided revive conversation begun months with woman
tiktok good,Members spoonie community connect over what like have chronic illness they offer each other education support
tiktok good,Everything about leadup release Forspoken Square Enix open world action been lowkey mess wouldn know that from launch trailer which stays upbeat modern magical adventure taking bunch words
tiktok good,Rage applying other jobs when your current employer flight flight response experts quitting always right move
tiktok good,Self proclaimed maximalist Birdie Wood garnered following TikTok thrifting content recently revealed favorite thrifted item from last year that land your decor wishlist been doing thrifting this
tiktok good,Chinese social media users flooded comment sections Korean celebrities wished their fans good fortunes using phrase Lunar Year instead
tiktok good,Skinamarink scary Skinamarink boring Horror fans seen vehemently disagree after movie leaked online became sensation TikTok debate recalls Blair Witch Project another similarly experimental film that helped
tiktok good,Chad Engelgau Acxiom data broker that operates world biggest repositories consumer information company claims have granular details more than billion people across different countries chances that Acxiom
tiktok good,There nothing remotely revolutionary gimmicky happening here pocket friendly pasta restaurant heart capital exciting prospectOne challenge weekly restaurant reviewer that several times year expected produ
tiktok good,While young continue taken Tate online playboy lifestyle Romanian police carry inquiries into alleged trafficking female victimsAn year dentistry student from Lebanon paces outside fortified compound outskirts
tiktok good,First designer Anderson gave shaped like pigeon sure start trend with clogs made collaboration with royal favourites WellipetsWhat eyes green skin kept your feet when were child Anyone
tiktok good,Some guests they with fees that double cost stay hosts told Insider that touting fees seemed boost bookings
tiktok good,Everyone from awkward boyfriends supposedly nefarious fiances being held account jurors million deranged zoomersIf more dedicated podcast listener certain would nutter true crime genre with which share many core
tiktok good,Though everybody loves Pokemon like Nintendo popular franchises games known their child friendly tone appears that someone with access official Pokemon TikTok account have momentarily forgotten this posted rath
tiktok good,Playbook offers higher income earners automate their savings reduce their taxes same time
tiktok good,survey shows majority college students recent graduates tend prioritize things like transparency company reputations
tiktok good,craze little more than rehash manifestation January bleakness made desperate enough give goSomething strange happened last year five occasions needed money something plane ticket
tiktok good,assisted chatbot that generate eerily fluent prose only latest long series useful tech accessoriesSo ChatGPT language processing model burst upon astonished world rent squeals delight cries outra
tiktok good,Nike store York after Luhrmann took Romeo Juliet video came screen salespeople were singing along outside freaked just released second album Life
tiktok good,McFarland released from house arrest last September currently being ordered million restitution fraud victims
tiktok good,With ChomChom hair remover farewell sticky sheets good
tiktok good,National League leaders another upset Sunday striving attract local talent their academyWrexham short term ambitions clear everyone Welsh club famous having Hollywood actor owners desperately want quickly
tiktok good,Cruise ship performers have significantly more time privileges than other crew members Royal Caribbean employees told Insider
tiktok good,Miami Dolphins quarterback Tagovailoa shown flashes brilliance throughout three year career prove himself franchise
tiktok good,Shaken death sitcom star Robin Williams actor career hold best part decade back battling supernatural beings Wolf Pack will ever revive Slayer When Sarah Michelle Gellar sent
tiktok good,chatbot generate cover letters quickly recruiters there wrong
tiktok good,Generic advice like Just show crush every going work managing Here what will resonate with young workers
tiktok good,Self identified people self proclaimed mystics conspiracy theorists have been hyping hawking Christian Science snake spirituality with healing properties since least early part century forgeries ideas that
tiktok good,Danielle Gross Gunnar Michels married strangers then joined Trusted Housesitters they stay mansions free
tiktok good,Gives space doesn voicemail liked dogs guide telltale signs that relationship real dealJust much easier fire cutting snark than offer constructive criticism advice dating relationships tends
tiktok good,Dallas Cowboys former offensive coordinator Kellen Moore
tiktok good,Houston Texans haven more than four games last three seasons ESPN
tiktok good,These reusable water bottles equipped with LifeStraw part filtration technology that removes bacteria parasites well chemicals microplastics
tiktok good,Choppy economic waters push nervous business owner slash marketing budgets jump though because there several more measured approaches should take first
tiktok good,Find reach consumers with right kind content engage excite TikTok What Next Trend Report post Insights From TikTok What Next Trend Report appeared first Search Engine Journal
tiktok good,Predicting biggest categories night from face offs between Beyonc Adele nods Taylor Swift Kendrick Lamar Harry Styles
tiktok good,Navy veteran Warren Butch Marion plans house visit family after businessman raises social mediaA Walmart cashier scores Americans forced continue working into been able retire thanks
tiktok good,York Mets appear have lost Carlos Correa sweepstakes might good thing payroll
tiktok good,Tired being your producer editor star your TikTok rise fame Good news There plenty post Best Places Find Cheap Free TikTok Templates appeared first Social Media Marketing Management Dashboard
tiktok good,Restaurants have finally realised that there money made from tofu eatersOf foodstuffs past lips high street chain Wagamama something that probably most controversial Have tried vegan fake duck
tiktok bad,Whether triumphant return meme condiment Pink Sauce potentially deadly frozen treats battle between internet Waffle House this week kids report about food There food thought consider everyone seems hate
tiktok bad,TikTok creators offer tips tricks credit card users should wary potentially advice from self proclaimed money experts
tiktok bad,TikTok video showed candid view into what nearly Google employees experienced last Friday
tiktok bad,true York City fashion Julia apartment little tight space
tiktok bad,customer went viral what next
tiktok bad,Abortion toxic masculinity human extinction What best talk children about issues expertsIf they lucky enough avoid them home children nonetheless exposed toxic relationships socia
tiktok bad,Grammy nominated breakup song abcdefu latest viral sensation translate popularity TikTok into chart topping success music industry acclaim
tiktok bad,Fans accurate physics engine reimagine historic shipwrecks makes difficult look away shark swims slowly serenely beneath Bismarck seconds before sinks deep into ocean Seemingly nowhere battleship tilts
tiktok bad,talk about habits song released superstar musician Sheeran talking about little things every that slowly chipping
tiktok bad,Inside social video scandal Plus Musk continues Trump tech Apple might finally make metaverse interesting TechScape delivered your inbox Sign full article here Hello welcome TechScape
tiktok bad,Alice doubtful TikTok would help business PerfectDD until videos went viral made revenue month
tiktok bad,Council steps after videos social media turn Nottinghamshire river crossing into viral tourist attractionDeep English countryside ancient river crossing that been used various forms least years featured Dome
tiktok bad,TikToker used term mascara post about consensual made light seemingly realizing TikToker speaking about sexual assault
tiktok bad,Nikki Main covers breaking news Gizmodo follow coverage here email story ideas tips nmcaleese gizmodo Read more
tiktok bad,More young workers posting honest vlogs discussing unemployment Some finding jobs building source income
tiktok bad,TikToker Nicole Tsai found that Google employees caught latest slew tech layoffs
tiktok bad,Fertility rates have been declining there growing share adults that plan have children
tiktok bad,After requesting refund owner store accused being drunk high testy exchange
tiktok bad,Sped versions existing songs becoming more popular than original versions behind trend listening accelerated chipmunk voice British singer Raye Escapism rebound anthem that currently climbing
tiktok bad,feeble attempts live carelessly hours ended with surefire sign from above that cleaning again weekend culture lifestyle email have seen videos celebrities trotting through their squillion dollar
tiktok bad,Which breeds safest best when comes dogs
tiktok bad,This blow straighten curl diffuse your hair time half price Dyson coveted Airwrap
tiktok bad,Jordyn Woods clothing line Woods Jordyn launched Monday with three dresses each priced
tiktok bad,Elisabeth Manente accidentally ordered wrong candle with contempt from Etsy store owner when requested refund
tiktok bad,Everything about leadup release Forspoken Square Enix open world action been lowkey mess wouldn know that from launch trailer which stays upbeat modern magical adventure taking bunch words
tiktok bad,evidence mounts that stoves human health growing number professional chefs electric even makes better cooking experienceThe evidence that stoves human health grown staggering over last years
tiktok bad,TikTok Perry shared KIIS Friday Perry said wasn initially impressed song Billie Eilish
tiktok bad,Instagram flop going sister company Facebook platform really only itself blame
tiktok bad,Welcome HubSpot Marketing News campaign deep dives latest marketing industry news tried true insights from HubSpot media team
tiktok bad,With Mayfair Witches Interview with Vampire Anne Rice universe proposing solution streaming current crisis
tiktok bad,What would random stranger asked your feet Probably chuckle awkwardly start walking faster Streamer neither better idea Twitch chat will never same again Read more
tiktok bad,reality show which mothers sons live together start flirting weirdly kinky also oddly naturalIf woman certain struggling housing crisis could always check into Milf Manor reality show whic
tiktok bad,woman from Moldova thought love Internet celebrity Andrew Tate offered life They even discussed marriage asked only thing absolute loyalty
tiktok bad,second year gendered categories five nominees artist year entirely maleA year after Brit awards abandoned gendered categories nominations replacement artist year prize entirely male comprising
tiktok bad,craze little more than rehash manifestation January bleakness made desperate enough give goSomething strange happened last year five occasions needed money something plane ticket
tiktok bad,Restaurants have finally realised that there money made from tofu eatersOf foodstuffs past lips high street chain Wagamama something that probably most controversial Have tried vegan fake duck
tiktok bad,classic vidoegame GoldenEye finally landed Xbox Nintendo Switch writes Verge Xbox remaster includes resolution smoother frame rates split screen local multiplayer similar bound Xbox versi
tiktok bad,Kayla Burk been extreme couponer years Even during inflation says there always good offers groceries other necessities
tiktok bad,There shortage robot uprising fiction Western canon works Bradbury Philip Dick classics like Terminator family friendly spins like Mitchells Machines conceit that preys mankind
tiktok bad,TikToker Jenna Cowan went viral with video showing boyfriend appearing confused pink confetti meant symbolize they expecting baby girl
tiktok bad,Remind this when inevitably have start TikTok three months
tiktok bad,Welcome HubSpot Marketing News campaign deep dives latest marketing industry news tried true insights from HubSpot media team
tiktok bad,Lotte Latham tried being sugar baby dating older gifts money then began working escort instead memoir Dear Andrews explains weekend culture lifestyle email When Lotte Latham working
tiktok bad,Last week multiple beauty lifestyle influencers began posting that they were going Dubai with Tarte Cosmetics gaining attention many skeptics online
tiktok bad,TikTok Facebook Instagram Snapchat YouTube their parent companies facing another lawsuit over mental health issues children This time comes from Seattle public school district claiming that apps have major role youth
tiktok bad,Predicting biggest categories night from face offs between Beyonc Adele nods Taylor Swift Kendrick Lamar Harry Styles
tiktok bad,Trump never shown slightest repentance role what Facebook gingerly calls civil unrest left Nick Clegg once great hope liberal politics Britain nowadays cutting figure global lobbyist company with major
tiktok bad,this series Guardian writers share best advice they have received impacted their lives Take that bloody cheese already would bark should have listened started spring weeknight just
tiktok bad,They might seem like creatures plod along thoughtlessly people care them know betterDonkeys having moment that they care sturdy creatures famous their stoicism screen sirens Donkeys have starring roles
tiktok bad,Generic advice like Just show crush every going work managing Here what will resonate with young workers
tiktok bad,This year will biggest year ever despite competition from Sony Pico maybe even Apple Meta still
tiktok bad,Last month Swedish dance star Zara Larsson wore weird minidress Guld awards show that Norwegian radio station puts every year Revolver points dress question logos death metal bands Cannibal Corp
tiktok bad,This post about health Google search product about implications improving products your strategy right Although know least post this blog being written that topic Instead this post about
tiktok bad,Fighters Dzhokhar Dudayev battalion oppose Putin strongman Ramzan Kadyrov they battle with Ukrainian prejudiceFor their efforts fighting Ukraine eastern city Bakhmut Chechen volunteers Dzhokhar Dudayev battalion
tiktok bad,This week TikTok Most Entertaining Earth Some particularly devout creators convinced that Charlotte Tilbury promoting witchcraft through line makeup products outlandish conspiracy theory stems back October blog
tiktok bad,Insurrectionist sprinter Josh Hawley joined growing chorus politicians spent years doing jack shit about consumer privacy abuses want pretend that banning single TikTok will protect American consumers from
tiktok bad,Could open door incel black pill ideology
tiktok bad,your mutt good company
tiktok bad,decidedly different feel since Elon Musk took over
tiktok bad,campaign been disappointment Angeles Rams would understatement head coach Sean McVay didn hold back
tiktok bad,Novak Djokovic Australian Open while playing through tear left hamstring according toAustralian Open tournament director Craig Tiley
tiktok bad,make TikTok account this been adamant about doing longest time However this something worth talking about sometimes even dangerous this article will take deep dive into world horrible photography
tiktok bad,hosting perform most awards which surprise listers hope take stage
tiktok bad,unforgettable year many reasons spread Omicron unprecedented inflation Queen Lilibet death though despite wave good stuff that happened over last months Addison entrance into
tiktok bad,TikTok Clip Markus hatte Diskussionen Netz gesorgt Video bewarb eine Fragerunde Chef sehen waren mehrere junge Frauen Hintergrund lief Lied Bloodhound Gang Aufgrund glichen Textes wurde
tiktok bad,water lube mean lube best navigated with spicy Avatar apparel gifts toys worthy Pandora
tiktok bad,Live from Angeles host Trevor Noah opened Sunday Grammy Awards with monologue Here what said
tiktok bad,certainly didn priest hearing Rihanna music hell bingo card here Pastor Gerald Jonhson took TikTok share alleged brief stint fiery depths hell talk about plot twist where Lift
tiktok bad,Dallas Mavericks head coach Jason Kidd ripped team defensive effort following loss Atlanta Hawks Wednesday night According
tiktok bad,This piece Cory Doctorow TikTok enshittification also available Wired contains some best simplest descript
tiktok bad,shaky economy falling stock market started expose some charlatans history shows that biggest scams come
tiktok bad,another year growth albeit less robust than recent years biggest surprise Luminate year report music business fare story that been developing before eyes each week since official
tiktok bad,only thing could take sing about injustice
tiktok bad,internet Just when think seen catches guard once more surprising with tricks treats TikTok particular plays home weird wonderful things never wanted never knew needed
tiktok bad,annual Grammy awards After this year Grammys retire that today Here abbreviated list winners from Grammy awards which will updating throughout night Head over official Grammys websit
tiktok bad,When think most important tools should have homeowner probably think hammers screwdrivers drills other essentials Mindy Otten Chen Handymin Help Brooklyn member Matriarchy Build thinks that
tiktok bad,common trait amongst these examples actually evolution technology that made things worse application that technology that ruined everything
tiktok bad,None absolute right privacy public whatever happened respecting people basic dignity Once when younger would dress somewhat outrageously caught stranger recording phone danced tube
tiktok bad,Kardashians star Kardashian seemingly threw shade younger sister Kylie Jenner makeup brand funny video TikTok
tiktok bad,What does Elle Fanning consider perfect fragrance about nostalgia drawn throwback aromas that evoke sweet memories sugar dolls more from childhood girl that wore scents like cotton candy very teen tells
tiktok bad,kurze Video zeigt mehrere junge Frauen hrend Song Band Bloodhound Gang diesem wird unmissverst ndlich aufgefordert Schadensbegrenzung
tiktok bad,Even marketers continue scrape dollars back wherever they whether that from Facebook they stop pouring money into short form video
tiktok bad,musicista statunitense origini filippine canzone habit arrivata sorpresa testa alle classifiche statunitensi grazie TikTok consacrato come rock star atipica Leggi
tiktok bad,Watch stream music biggest night Sunday
tiktok bad,What biggest problems that people Rapid City South Dakota have face argue that citizens should most concerned that sole reason state seems exist provide haven oligarchs cheats everyone
tiktok bad,Even before comeback actor excelled humanizing characters were written mere laughingstocks
tiktok bad,year former Speaker follows diet wealthy toddler with zero parental supervision wanted experience myself
tiktok bad,curated remixes with faster beats high pitched vocals have gotten popular that artists hopping trend themselves
tiktok bad,Killing shows before they have chance wrap Netflix subscribers also Netflix shareholders Netflix business time better
tiktok bad,Honesty breast policy TikTok star Alix Earle celebrating what calls boobaversary marks year having breast implants TikTok video year
tiktok bad,just wrote about Utah ridiculously silly plans every social media company being dangerous children which pointed that actual research doesn support underlying argument forgot that weeks Seattle
tiktok bad,Last year pivotal tech industry Twitter underwent dramatic changes TikTok faced scrutiny concerns related Chinese espionage However perhaps biggest trend tech misguided effort harm American technology companies
tiktok bad,true crime machine brings larger questions about ethical nature treating murder like entertainment
tiktok bad,work prompts plenty questions Some better than others
tiktok bad,clear Chinese government violent authoritarian mess making networks more resilient Chinese attacks important thing telecom policy bizarrely obsessed with China point where other policies especially
tiktok bad,Some worst that have seen been here Kwajo Tweneboa said visit York City
tiktok bad,some longtime users chatbot gone from helpful companion unbearably sexually aggressive
tiktok bad,Best seller Adam Silvera ganhar seriado pelo criador Bridgerton produzido pelo sico Bunny post Dois Morrem Final ganhar Netflix appeared first Jovem Nerd
tiktok bad,Belief conspiracy theories driven ignorance isolation insanity something more common scarier
tiktok bad,EXCLUSIVE James been labeled fans being responsible killer doll movies specifically Conjuring franchise spinoff Annabelle funny really hadn done that says horror auteur that prime reason create
