username,text,date
mahire98,"SeLliNG 22.500 FoLlowERS insTagRAm accoUnt...

saLe seLl bUy BuyIng twItter TikTok YouTube preMium cHeap sEllIng Ac‚Ä¶ https://t.co/mHpeQ7RRrK",2023-03-29 21:47:00+00:00
cryptokicks3,Check out eltippytoezz's video! #TikTok https://t.co/yIVKMusGJX,2023-03-29 21:46:59+00:00
denisiaaa__,I can bet my last dollar that Beyonc√© is gonna do that viral TikTok dance on her tour !! to cuff it ofc !!,2023-03-29 21:46:59+00:00
hacker_coolfrey,I'm active Inbox me now !! for Any Account Recovery / All hacking services #snapchat #email #recovery #snapchatdown‚Ä¶ https://t.co/iWkEFh99rd,2023-03-29 21:46:57+00:00
MCGAUSA,The Restrict Act (TikTok Bill): Another Trojan Horse of Governmental Surveillance - UncoverDC https://t.co/pIFTOwGENl,2023-03-29 21:46:55+00:00
TWren14,Check out El Podcast Media's video! #TikTok https://t.co/OI47sDCnNn,2023-03-29 21:46:54+00:00
MRomero510,I refuse to ever get a tiktok account lol,2023-03-29 21:46:48+00:00
Yamsa07,@f4ngrunin Post it on tiktok and you‚Äôre starting a new makeup trend! https://t.co/69PsoePosP,2023-03-29 21:46:48+00:00
alooniknowsball,üò≠üò≠üò≠ what‚Äôs my man xhaka doing on tiktok live https://t.co/NPSgoVz7GZ,2023-03-29 21:46:47+00:00
Poppyseed_El,@PoppyUpdate @tiktok_us love the 3.14 vibe sm,2023-03-29 21:46:46+00:00
JoTrumpCA,The Restrict Act (TikTok Bill): Another Trojan Horse of Governmental Surveillance - UncoverDC https://t.co/9Li3X2lXMr,2023-03-29 21:46:44+00:00
bnj,@2irl4u @vadoff You would‚Äôve just thrown it away investing in TikTok for x apps bro,2023-03-29 21:46:43+00:00
louislovesbooks,I love this!! We are so rarely encouraged to think outside of ourselves and think about how we make others feel!! (‚Ä¶ https://t.co/flbb30xTy5,2023-03-29 21:46:41+00:00
girlfailure26,@adeon_ You know i sent it to you on tiktok,2023-03-29 21:46:40+00:00
completemesh,why is one of my fav pop rock bands claiming to be heavy metal on tiktok üò≠ babes you‚Äôre great but you‚Äôre not that,2023-03-29 21:46:39+00:00
nategrebelsky,@brian_armstrong Our boomer US leaders understand crypto in the same way they understand how TikTok accesses our home WIFI network,2023-03-29 21:46:38+00:00
leebbitssi,@_flawlesstae_ It's so addictive pls Felix drop it on TikTok now!! ü§ßüò≠,2023-03-29 21:46:38+00:00
esserisst,missing my grandpa. I wonder what he would say abt AI subsuming creative jobs &amp;tiktok diagnosis by pop culture. pro‚Ä¶ https://t.co/ovtUj8Tbth,2023-03-29 21:46:38+00:00
Mugabo17021214,Don't miss out. https://t.co/F2uR4BSvnz,2023-03-29 21:46:34+00:00
DJDcee,"‚ÄúTikTok removed your sound‚Äù
Brilliant that. Thanks üôÑ",2023-03-29 21:46:34+00:00
SayNoToSino,"No, TikTok isn‚Äôt like other social media: Ban it today - The Hill https://t.co/vgwrk4gqZS",2023-03-29 21:46:34+00:00
SexxySlim83,"üòÆüòØüò≤ the ""receipt"" has spoken, Latocha , her mother and Rocky need to pay back that moneyüíØ baby!!!! #xscape‚Ä¶ https://t.co/yLXvG8vJke",2023-03-29 21:46:33+00:00
Capybarista_161,Luna was the contact # for people wanting to volunteer to go around and harass voters in Otero Co. for David Clemen‚Ä¶ https://t.co/ivEWVjY8Eh,2023-03-29 21:46:31+00:00
abraindeadtwink,@aftersunfilm that song of hers that people are editing to on tiktok rn is good ü§´,2023-03-29 21:46:30+00:00
callmebirdieboy,"@ViViDESTRUCTiON Anorexico, con ansiedad, broke af, 0 bitches, con +10 horas de screen time en tiktok, but I was free",2023-03-29 21:46:30+00:00
Spirituali__tea,"TikTok trends I wanna see MIW do:

1.) Pass the Phone Challenge
2.) ‚ÄúWhat we think would send ___ into a coma‚Äù with‚Ä¶ https://t.co/VPCHxYPFbb",2023-03-29 21:46:30+00:00
CopyWhoTV,"@realjoshuareid It‚Äôs beyond egregious.  Sold as the ‚Äúban tiktok‚Äù bill, but it goes wildly further.  There‚Äôs a major‚Ä¶ https://t.co/dwTu78QA5A",2023-03-29 21:46:30+00:00
ZaitoCabrera,Check out ‚Ñïùï† ùïÑùï¶ùï§ùïöùïî ‚Ñïùï† ùïÉùïöùïóùïñ üéß's video! #TikTok https://t.co/MUhx2BxBZO,2023-03-29 21:46:29+00:00
1337CAFE,@cnni a decade ago covering the atrocities that the #Kiev regime was inflicting on their own people in the #Donbas.‚Ä¶ https://t.co/mvepLBofXA,2023-03-29 21:46:27+00:00
SunflowerSoul71,"I ask again.
Why is everyone so silent?
I know I have not had time to look into this but I keep hearing ""bipartisan‚Ä¶ https://t.co/fKDv7Vk5TY",2023-03-29 21:46:27+00:00
HRCollectiveNow,Check out Dr. C Unconventional Intellect's video! #Unmasking https://t.co/QXoYacByuK,2023-03-29 21:46:27+00:00
EmpathSeer,@WendellPierce @chaunceydevega Check out T.HighbaughArtüíó's video! #TikTok https://t.co/9eEMkac2OQ,2023-03-29 21:46:27+00:00
ruelrahim24,@thatdayin1992 Wtf ppl go if they can‚Äôt fight back together guess for TikTok videos. üòÜ,2023-03-29 21:46:24+00:00
erinnnsworld,"If @TuckerCarlson &amp; @AOC can both agree on something then you KNOWWW ITS BAD!! üòÆ‚Äçüí®

ü´µüèº Watch Now &amp; Please Share
It‚Äô‚Ä¶ https://t.co/ZCtKRbzX4D",2023-03-29 21:46:24+00:00
LeenHassounah,"When you get pleasantly surprised by a Tiktok live ‚ú®
#couplegoals #sweetpipes https://t.co/pS2qRSs4V0",2023-03-29 21:46:23+00:00
hexxokami,i had to block 2 different guys on tiktok for the sole fact they look/act like my ex and it grosses me out so bad,2023-03-29 21:46:18+00:00
tunsky,The broad language of the RESTRICT Act has some worried that the TikTok ban will criminalize the use of VPNs.‚Ä¶ https://t.co/ogXMw5HyKu,2023-03-29 21:46:17+00:00
sassiangel31,Check out Humane Society Broward County's video! #TikTok https://t.co/tVb0LxOPai,2023-03-29 21:46:16+00:00
WayneCAlderman,@OmgItzRaina Check out Raina Huang's video! #TikTok https://t.co/6u62q0M6kw,2023-03-29 21:46:15+00:00
GSproutysan,@ScrappytheApe Yes and they want to ban TikTok? I don‚Äôt even use TikTok and I‚Äôm appalled.,2023-03-29 21:46:15+00:00
thehill,Rand Paul plans to block Josh Hawley bill to ban TikTok https://t.co/Gayy4XxE5r https://t.co/HzK4gsEW0w,2023-03-29 21:46:11+00:00
mahire98,"SeLlinG 1.800+ foLlOwers twiTter accounT.

tag- saLe seLl bUy BuyIng twItter TikTok YouTube preMium cHeap sEllIng A‚Ä¶ https://t.co/wDNxBJQFaZ",2023-03-29 21:46:08+00:00
galadreidel,just got my first mean comment on a tiktok‚Ä¶. im level again,2023-03-29 21:46:08+00:00
j88507560,@SpeakerMcCarthy China doesn't need Tiktok to get our national secrets -- they can get all they need directly from Biden.,2023-03-29 21:46:05+00:00
kathrinebreda,"The best edit I‚Äôve seen this year üî•
#NHLBruins 
Tiktok üé• - femiak1 https://t.co/JpxmrR91hz",2023-03-29 21:46:03+00:00
sunkissest,okay no after the third viral edit i got on my fyp i guess drunk dazed is just going viral on anime tiktok lol,2023-03-29 21:46:00+00:00
RLymangrover,"https://t.co/Gv8X0O8W4t

Everybody in Washington wants to talk tough about TikTok--but few are willing to be respon‚Ä¶ https://t.co/kgYCHy68Jr",2023-03-29 21:46:00+00:00
SkorpionKween,I hate niggas who do tiktok dances in real life,2023-03-29 21:45:59+00:00
LostDiva,"I guess lawmakers FORGOT IT WAS US THAT FIRED TRUMP. YOU WILL GET FIRED TO. ALSO: #MedicareForAll! #Primary2024 
Se‚Ä¶ https://t.co/FUlYn7TlTB",2023-03-29 21:45:59+00:00
sbabij,"Check out Kai, MD„Äã Healing TRNSFMN Coach's video! #TikTok https://t.co/aWpLvuoDL5",2023-03-29 21:45:59+00:00
ErikHarrison01,"I'm not good at resisting youtube shorts and will watch for 3hrs if not careful (never had TikTok)

This is the fir‚Ä¶ https://t.co/PBw6suCpC4",2023-03-29 21:45:58+00:00
StevenDropdmc,Racing on Aruba by Vicko! #TikTok #Twitter #Racing #Aruba  https://t.co/u9yofw1MLl,2023-03-29 21:45:58+00:00
V4NDREWS,@newdiaryentry omg i saw her tiktok about being on a movie set a week ago and thought it was something HUGE üò≠üò≠,2023-03-29 21:45:58+00:00
camerinmolina,watched her vows yesterday on tiktok and omg hers were so loving but were mixed w pieces of her not feeling like sh‚Ä¶ https://t.co/QaaahkBqAG,2023-03-29 21:45:57+00:00
_ahimsa,Check out AmberMoon's video! #TikTok https://t.co/JRb3SwKdz5,2023-03-29 21:45:56+00:00
DoctorSoFlo,@not__heath This got great tiktok potential ngl,2023-03-29 21:45:53+00:00
m_brubaker30,"@SandaBlueDeux @sahilkapur @Karoli @HawleyMO @RandPaul @POTUS @WHCOS You're not on Tiktok, are you?",2023-03-29 21:45:51+00:00
TWA2Jenny,"@mkraju Ah, making it clear - it's all about power. Not what's right or good for people, etc.

Not expressing any o‚Ä¶ https://t.co/USL0UWDiJx",2023-03-29 21:45:49+00:00
BeanBolt,"@IGotPuppies Reading through it, it seems multistreaming from Twitch to Tiktok/Instagram is allowed, but other streaming services is a ‚ùåÔ∏è",2023-03-29 21:45:48+00:00
tusionni,@cheer_wine guy who opposes the tiktok ban primarily because it would stabilize twitter's userbase,2023-03-29 21:45:47+00:00
fireandesires,not me ending up on ED tiktok https://t.co/rmA2KgqmbX,2023-03-29 21:45:43+00:00
NoStylistBat,"Naruto isn‚Äôt mid, it‚Äôs a good anime and it‚Äôs in the big 3. It‚Äôs okay to like Naruto. Tiktok and new onepiece fans m‚Ä¶ https://t.co/hqObhRj5RV",2023-03-29 21:45:43+00:00
SankaYuhDead,I was scared this was gonna be like that chich doing the rounds on tiktok atm kmt https://t.co/bPtF4wNMxC,2023-03-29 21:45:43+00:00
RenardDarr44262,Check out JasamineBanks's video! #TikTok https://t.co/kdhFJIabaK,2023-03-29 21:45:43+00:00
superwapote,"Damn it, just can‚Äôt get stupid out of stupid no matter the height of the stiletto @GOP this is the best clown show‚Ä¶ https://t.co/o7JPqWkKL0",2023-03-29 21:45:42+00:00
BattleVisionUSA,Going live on #TikTok and #Kick tonight. Follow us on kick for the chance to win some #free #merch!‚Ä¶ https://t.co/65mT5Y3e88,2023-03-29 21:45:42+00:00
louislovesbooks,"‚ÄúThe invention of women in #precolonial #Yoruba society‚Äù 

@ayandastood_fan #ayandastood 
#writingcommunity‚Ä¶ https://t.co/pfLOfmMO8W",2023-03-29 21:45:41+00:00
ArianeCyrixOtso,Sending this to my parekoys .... i actually dont have a bestfriend for like years .... kayo pinakaclose sa kin late‚Ä¶ https://t.co/yhYUidQrcn,2023-03-29 21:45:40+00:00
SKidd568,Don't miss out. https://t.co/PLKvkVplN2,2023-03-29 21:45:40+00:00
CaddieNetwork,"Ready for some TOUR SAUCE at @TheMasters next week. ü§Ø

(üé•: toastedmiyagigc / TikTok) https://t.co/pTl9Qf8TWf",2023-03-29 21:45:40+00:00
rkhowlerism,@winchestered67 LMAOOOOO dont open your tiktok dms then,2023-03-29 21:45:39+00:00
Unrealfucker69,Check out unrealgaming52's video! #TikTok https://t.co/aCYQ9g4lzu,2023-03-29 21:45:38+00:00
MoisaMoisa8,Check out https://t.co/8tY7qBcYhk's video! #TikTok https://t.co/EqS1nT7s9R,2023-03-29 21:45:37+00:00
LisaYou06643639,Check out freedomfightersca's video! #TikTok https://t.co/XUp1aEdwl6,2023-03-29 21:45:35+00:00
izzie17girl,@grossfades glad i watch ur epic edits here since i no longer use tiktok,2023-03-29 21:45:34+00:00
Williehacksit,"For hacking or any account Recovery Dm now
#Roblox #RobloxDown #TikTok #Discord #reddit #Data Science #Data Scienti‚Ä¶ https://t.co/eQNBOVaQOX",2023-03-29 21:45:34+00:00
stunnin777,that‚Äôs why i hate tiktok bro shit be ruining my day,2023-03-29 21:45:33+00:00
Mahiaa01,if my friends and family loved me they would have got me the ¬£900k house i saw on tiktok for my birthday fr,2023-03-29 21:45:32+00:00
Vidsfromthenet,might be one of the funniest videos i seen #shorts #trending #reels #reelsinstagram #tiktok #fyp #viral‚Ä¶ https://t.co/oSQQgHEwSL,2023-03-29 21:45:32+00:00
majorkey44,@stilllbarbie Yea he‚Äôs a little funny unfortunately. However if TikTok was segregated he wouldn‚Äôt have any content üòÇüòÇ,2023-03-29 21:45:32+00:00
milosheadspace,@tiktok_us  srsly dont ban me. its not my fault you arent accepting my age repeal. ppl age ofc i dont look exactly‚Ä¶ https://t.co/V9uJbCdprT,2023-03-29 21:45:31+00:00
atheist_dr,"@DepravedSlasher
Check out Red's video! #TikTok https://t.co/1DkdsFqPMO",2023-03-29 21:45:31+00:00
drmikeDO1943,@HawleyMO Thank you for being our Senstor. I think the issue of TikTok is far more complicated and more government‚Ä¶ https://t.co/6qgvYI1sMu,2023-03-29 21:45:31+00:00
RyanBec21482527,"@RepKenBuck No one is buying the TikTok bullshit, old man. We all know what you scumbags are up to.",2023-03-29 21:45:30+00:00
heytommie,"Purdue is boiled up about TikTok.

https://t.co/piElZdxIER",2023-03-29 21:45:26+00:00
TraumaPrncss63,@RussellCrowe Check out TraumaPrincess73's video! #TikTok https://t.co/Re5qBpCqUj,2023-03-29 21:45:24+00:00
spicythebread,mark zuckerberg is trying to ban tiktok cause ppl made fun of him for looking like a fish fr,2023-03-29 21:45:23+00:00
Death6325,@SamuriDotCom @Arial_Blade @TylerSeevers @Bunny_Stark89 @myunclesmemes Just TikTok? Or is anything else included?,2023-03-29 21:45:19+00:00
NlGHTCORD25JI,I can play tiktok on his forehead,2023-03-29 21:45:19+00:00
dayanasatria,Contempt is a destructive emotion that can erode even the strongest of relationships. It's important to recognize e‚Ä¶ https://t.co/NUSUsK8adX,2023-03-29 21:45:19+00:00
fashcism,This a good ass tiktok song got me shaking my hips  https://t.co/wtACnUPKu0,2023-03-29 21:45:18+00:00
DonnaNanar,Check out Lil Southern Patriot's video! #TikTok https://t.co/APrKdGRI05,2023-03-29 21:45:17+00:00
fIvndy,amend the constitution to include the right to bear tiktok,2023-03-29 21:45:17+00:00
ebonymystique,"Meanwhile, USA is worried about drag queens &amp; TikTok https://t.co/gpiRIzGmlY",2023-03-29 21:45:13+00:00
BeaufordPaula,üò±Ekk! I got the Etsy Campaign on TikTok creator marketplace üéâ I‚Äôve had my sunflower themed Etsy shop for 5 years no‚Ä¶ https://t.co/KGoLHwJrf2,2023-03-29 21:45:13+00:00
neeco_tripp,"@seanhannity Trump may say, he doesn‚Äôt know who posted the picture of him holding a bat next to a picture of Manhat‚Ä¶ https://t.co/eFzG7du8B6",2023-03-29 21:45:12+00:00
reeiiddd,@heisdera_ there's this TikTok sound in my head,2023-03-29 21:45:11+00:00
AvatarWalrus,Y‚Äôall pls do not let those leaks get to tiktok I am begging you bc we all know they‚Äôre gonna have the worst takes and thoughts over there üò≠üò≠,2023-03-29 21:45:10+00:00
Iamboss2005,Check out William White's video! #TikTok https://t.co/ACmF54p7Md,2023-03-29 21:45:07+00:00
simzimmerr,Seeing something you like blow up on tiktok is the worst,2023-03-29 21:45:07+00:00
EldritchBlest,"LRT: The ""TikTok ban"" is more expansive than you'd thought. It's basically the Patriot act but worse. Call your con‚Ä¶ https://t.co/8tCovEMEmY",2023-03-29 21:45:06+00:00
Kinglingeria,"Check out King Lingerie UK's video! #TikTok https://t.co/QIbYu3FJ09

@PenelopeRuzy
@astral32images
@ChrisHowley6‚Ä¶ https://t.co/JglBWBYqsv",2023-03-29 21:45:05+00:00
TradFiNews,What the fight over TikTok really means https://t.co/C7UBwj80WV,2023-03-29 21:45:05+00:00
ummmkayyy_,I posted a (petty) tiktok cause this man‚Äôs 30yo niece still stalks me. He texts me this morning with a ss of it say‚Ä¶ https://t.co/uy6WR7FIs6,2023-03-29 21:45:05+00:00
BigBStewy,Check out Newsweek's video! #TikTok https://t.co/oZRjQzG8oM,2023-03-29 21:45:04+00:00
QGh2h,"1- apparently overeating is now called healing my relationship with food according to tiktok terminology 
2- u can‚Ä¶ https://t.co/k1arzcii21",2023-03-29 21:45:03+00:00
FrankyTts,"TikTok ban backup plan? 
ByteDance-owned app Lemon8, an Instagram rival that describes itself as a ‚Äúlifestyle commu‚Ä¶ https://t.co/7n08QfMBzv",2023-03-29 21:45:02+00:00
ChuckleHutVIP,@TSportsx @senatorshoshana @RandPaul @tiktok_us @JoeBiden but you can yell fire in theater,2023-03-29 21:45:01+00:00
Michael_McQueen,France has joined the list of countries banning TikTok from government-issued devices for security reasons. French‚Ä¶ https://t.co/L42Rpa3IUd,2023-03-29 21:45:01+00:00
kuriharan,"Check it. In First TikTok, AOC Says Solution Is Not Ban But Strong Privacy Laws https://t.co/YyFwpOkSrV #tech #digital #data #privacy",2023-03-29 21:45:00+00:00
SportsStarsTV,Duke commit @J_mccain_24 tells us why he started dancing on TikTok #SSOT @DukeMBB #McDonaldsAllAmerican https://t.co/Mg2hoeDCKM,2023-03-29 21:45:00+00:00
artlawadvocate,"The ""TikTok"" ban is essentially jingoistic policy directed at China when the NSA continues to monitor our own peopl‚Ä¶ https://t.co/pCQFMGexsP",2023-03-29 21:44:59+00:00
Adaora_oa,this girl burnt boiled egg on tiktok?üò≠,2023-03-29 21:44:59+00:00
tachella14,We all know you POS  https://t.co/tlYRbGcrNm,2023-03-29 21:44:59+00:00
mattwatsonkc,We went from net neutrality to a TikTok ban really fast ü§î,2023-03-29 21:44:55+00:00
camrimarquelle,bitches on tiktok kill me tryna get laughs and ima eat they ass up every time üòÇ,2023-03-29 21:44:54+00:00
modernbergman,never commenting under a woman‚Äôs tiktok again https://t.co/EsvtvqvfTy,2023-03-29 21:44:54+00:00
Tahunbaru2045,Lihat video Dimensity99! #TikTok https://t.co/5Q0Fy7YJEL,2023-03-29 21:44:54+00:00
dftsnoo,Get the hell off my tiktok https://t.co/gjKxzcGc7Q,2023-03-29 21:44:54+00:00
_uncleron,"I need to build a TikTok, 100k clears my mortgage and takes me on holiday https://t.co/VXhjb2tyaD",2023-03-29 21:44:52+00:00
Crypto4445,"@GrantCardone The Restrict Act is INSANE. 

-20 years in prison for using a VPN

-The ability for them to target es‚Ä¶ https://t.co/eI9BhfdqHu",2023-03-29 21:44:50+00:00
Charlie56833301,@gagaswaiter Melanie said there will be be one in a reply to someone‚Äôs comment on tiktok. She said it will take som‚Ä¶ https://t.co/OCbDoCllcI,2023-03-29 21:44:50+00:00
Alexand90333742,Check out JOHN Wƒ∞CK teacher's video! #TikTok https://t.co/P4kHP7t2Op,2023-03-29 21:44:49+00:00
Quandal03792708,@keptee1 ARE YOU KEPTEE ON TIKTOK??? THE EDITOR,2023-03-29 21:44:47+00:00
lSRAYASMIN,i need other apps to know it‚Äôs ok to not be tiktok,2023-03-29 21:44:47+00:00
LisaManobal327,@pieceof21022365 And Lisa is the most streamed kpop female in India where tiktok is banned Lmao. Now tell me your d‚Ä¶ https://t.co/545KkAIQtd,2023-03-29 21:44:47+00:00
rtf_media,@thecopygal1 Not sure that I have a problem w/ the USSA banning TikTok‚Ä¶,2023-03-29 21:44:46+00:00
louislovesbooks,"‚Äúwhy aren‚Äôt you doing the thing?‚Äù

@ayandastood_fan #ayandastood 
#goals #motivation #success‚Ä¶ https://t.co/YfUyVvWUEQ",2023-03-29 21:44:45+00:00
Nelstar15,"Hey @tedcruz,

Why are you hiding behind lies about TikTok and not acknowledging that this bill allows you and the‚Ä¶ https://t.co/hLmLvuiHJX",2023-03-29 21:44:44+00:00
HardLuckJoner,A lot of gay people are following me from that TikTok maybe I need to delete it,2023-03-29 21:44:43+00:00
PetefromHayNSW,I think with TikTok @PeterKhalilMP it doesn‚Äôt matter now how the vehicle got to the edge of the cliff but making su‚Ä¶ https://t.co/vYkXxf3Scs,2023-03-29 21:44:40+00:00
Fl_GatorPatriot,"Morgan Freeman on our commander and chief
 ...

Check out Luis Pabon's video! #TikTok https://t.co/M7YPGC8Fow",2023-03-29 21:44:40+00:00
galaxyeyes97,The way they would‚Äôve had to clear the dance floor for me https://t.co/Y5H3akn7Lf,2023-03-29 21:44:40+00:00
Tahunbaru2045,Lihat video Dimensity99! #TikTok https://t.co/DbhN30R6sn,2023-03-29 21:44:37+00:00
LostDiva,"Actually, the bill could ban any social media company, and gives the government full access to CITIZENS aka CONSUME‚Ä¶ https://t.co/k5MugaX8aJ",2023-03-29 21:44:36+00:00
d_dejja,i love that small things i love tiktok trendü•π,2023-03-29 21:44:36+00:00
jasonericf,Okay this is funny üòÇ https://t.co/7N24OmIVZV,2023-03-29 21:44:35+00:00
quasarpjm,"@iconiksongs Guys, I redid the edit in another format and posted it on TikTok, if y'all can engage to reach more pe‚Ä¶ https://t.co/ZDNXXZ559x",2023-03-29 21:44:34+00:00
msthiccumsss,I don‚Äôt be talking to ppl tho j just be reading fanfic and scrolling TikTok,2023-03-29 21:44:34+00:00
dprkaren,tiktok has been showing me so many movie clips that now i'm actually interested in watching some in my free time,2023-03-29 21:44:33+00:00
GaryAksamit,"2 years ago Xi told Biden democracy wouldn‚Äôt work going forward because things are moving too fast, Biden laughed.‚Ä¶ https://t.co/MhlcJ9ctvD",2023-03-29 21:44:32+00:00
Vaedz,"Did you know that while Meta‚Äôs #facebook remains the most used social media platform, TikTok has taken over as the‚Ä¶ https://t.co/nKvYOeHmve",2023-03-29 21:44:31+00:00
whosmyriam,@guppyygup totally didn't just spend 5mins to find ur tiktok and follow itü§∑üèΩ‚Äç‚ôÄÔ∏èü§∑üèΩ‚Äç‚ôÄÔ∏è not me fr,2023-03-29 21:44:30+00:00
dcs_g,"@talmagegross @Vilein_V It‚Äôs no big deal. You‚Äôd only go to prison for 20 years if you tried to use TikTok. 

Stick‚Ä¶ https://t.co/mynQNRqSZo",2023-03-29 21:44:30+00:00
FlutterDash3546,Just updated my Tiktok Profile &amp; Username now. (Haven‚Äôt used this platform since 2020). https://t.co/EZe1TXaHFg,2023-03-29 21:44:30+00:00
stathacks_,"Inbox now for all account recovery services,Lost or suspended,
Inbox now let's get it done. #bts #f1 #tiktok‚Ä¶ https://t.co/ZVWn2FncNQ",2023-03-29 21:44:30+00:00
XLEK_,Peak GM2 Widow - Day 61 - !TikTok !Socials !Settings (804/900 Follower Goal) https://t.co/83oiDygbMu,2023-03-29 21:44:29+00:00
Christo73400260,"@DougWahl1 No! I don't care all that much about social media, but the govt can't singled out TikTok because it's Chinese owned.",2023-03-29 21:44:28+00:00
Iluvmy2dogs88,Cruelty gets laughs after a new mom of twins faints after teens put bucket over her head &amp; she couldn't breathe. Sh‚Ä¶ https://t.co/1QZnQohXc7,2023-03-29 21:44:27+00:00
B00GATR0N,i know my friends get on tiktok and be mildly upset at the tens of tiktoks i send them on a daily basis especially‚Ä¶ https://t.co/EET0FXHWva,2023-03-29 21:44:27+00:00
strwbrrytyuns,@babypeachdain ITS SO SO BAD and it's a complete joke that they aren't working on tightening gun laws and instead a‚Ä¶ https://t.co/UdRZ2yPZfV,2023-03-29 21:44:26+00:00
sunshinedamiano,WHY IS TIKTOK NOW GIVING ME THIS VIDEO HELP üò≠ https://t.co/hNa1vK9ymG,2023-03-29 21:44:23+00:00
crackenhvcks,"Are you hacked? Logged out or blocked
Dm to be able to recover back your account 
#emailrecovery #snapchat #tiktok #facebook",2023-03-29 21:44:23+00:00
CamishaMcCain,Check out Camisha McCain's video! #TikTok https://t.co/LO6UAWj1qF,2023-03-29 21:44:22+00:00
maisie_ingham,@PopBase I‚Äôm watching TikTok right now,2023-03-29 21:44:21+00:00
zillaaa777,@heyheedie I have not seen a tiktok edit of her ever since üò≠,2023-03-29 21:44:21+00:00
scootertwist,"@SgtDangerCow
Check out BATTLEFIELD SIX's video! #TikTok https://t.co/mdQsQmZ7Yr",2023-03-29 21:44:20+00:00
noliejusfax,That tiktok baby that just likes to clean and gets up and does it on their ownü§£ü§£no time for toys just working and h‚Ä¶ https://t.co/HRh0BTv5tU,2023-03-29 21:44:19+00:00
NuclearBeeC,"@MilfordWard I am a trainer fan, I flexible across most niches. My TikTok is currently Pilates/Fitness focused - https://t.co/VSVdCdlCYL",2023-03-29 21:44:17+00:00
neros_fiddle3,"@doc_gero It‚Äôs very bad and the latest bipartisan bill, ostensibly to allow banning TikTok, delegates massive autho‚Ä¶ https://t.co/io74NZqbxE",2023-03-29 21:44:17+00:00
chickwithasoul,Awww that‚Äôs so beautiful. That‚Äôs what I think a part of love is. #TikTok https://t.co/0Y3vP84M4S,2023-03-29 21:44:16+00:00
Zetetic3,@SamCaudell META has spent millions lobbying against tick-tock. If you do an Instagram search ‚ÄúFrance‚Äù and do A Tik‚Ä¶ https://t.co/FIpmeBXzp0,2023-03-29 21:44:16+00:00
voidscreation,"My fyp on TikTok was telling me something and I listened. Now I‚Äôm obsessed- 

I love her sm ‚ù§Ô∏è 

#welcomehome‚Ä¶ https://t.co/J8tdwwctgk",2023-03-29 21:44:15+00:00
jag30475,This below is a strong woman. She ain‚Äôt a coward like the republicans banning ppl to be free. One day the wave will‚Ä¶ https://t.co/fYQiLidH3E,2023-03-29 21:44:15+00:00
nbreavington,@MarioNawfal This is why they are trying to ban Tiktok üíØ https://t.co/RPkbHKOTo3,2023-03-29 21:44:11+00:00
Tahunbaru2045,Lihat video Dimensity99! #TikTok https://t.co/pRCrWfnItZ,2023-03-29 21:44:10+00:00
simidisi,Caduto con tutti i panni nel backdoors liminal spaces dreamcore TikTok and I am living,2023-03-29 21:44:08+00:00
stathacks_,Message me directly for all account hacking and recovery #facebook #instagram #snap #snapchat #snapchatleak‚Ä¶ https://t.co/14y9XdEzU6,2023-03-29 21:44:07+00:00
Zontar_Dow,@martsharter The poll was probably taken before the GOP tried to bring back the PATRIOT Act instead of just banning TikTok.,2023-03-29 21:44:07+00:00
t4tmizumomo,@hwksta RIGHT WHAT I WAS THINKING.. and yet all the replies on the tiktok were laughing and even mentioning mafuyu?? I was disgusted,2023-03-29 21:44:04+00:00
MotivatedLucas,So I forgot I can‚Äôt go live on tiktok cause I broke my selfie stick trying to show @kindayag what it looked like üòÇ I need a more durable one,2023-03-29 21:44:04+00:00
ChopperDanish,"%!(EXTRA string=DanishTTChopper) https://t.co/oGTpcePmrx
Multi-Ball - Long pimples",2023-03-29 21:44:04+00:00
benheck,"Stuff like #RESTRICTAct is why I was against ""Net Neutrality"" Not just because NN was a special interest giveaway t‚Ä¶ https://t.co/mO6dovol98",2023-03-29 21:44:03+00:00
Anarchy_Marine,"@beepbomp @myunclesmemes Essentially it's unconstitutional, and shouldn't be passed. There should be other ways to‚Ä¶ https://t.co/iUZciYT670",2023-03-29 21:44:02+00:00
SlickTrick14,"Check out Ricardo's video! #TikTok https://t.co/Jr5MLZHdTU

The United States Government and the military ü™ñ industr‚Ä¶ https://t.co/q2k1FPpd3L",2023-03-29 21:44:00+00:00
Tahunbaru2045,Lihat video Dimensity99! #TikTok https://t.co/A5GhzUL33N,2023-03-29 21:43:59+00:00
carmenjeanelle,it‚Äôs so funny responding to old horny men in my tiktok comments,2023-03-29 21:43:58+00:00
8adec71eab07471,Check out Hawk 33's video! #TikTok https://t.co/2cb9NmPTZM,2023-03-29 21:43:58+00:00
adpidg98,@Tracey359 @SenMarkKelly Relax! Stop screaming. There are worse things happening in the US than a ban on TikTok. Ho‚Ä¶ https://t.co/jch6DPvtae,2023-03-29 21:43:57+00:00
laraabdu420,he can turn vpn on and scroll through tiktok while at the gym but not reply to my text? mashi,2023-03-29 21:43:57+00:00
nrios06,that tiktok lives rent free in my headüòÇ,2023-03-29 21:43:54+00:00
IceKold99,"@HawleyMO Now read the bill that bans tiktok to us, and show us how it further takes away our rights!",2023-03-29 21:43:53+00:00
lightingstunned,"My brother told him that she had been stalking HIS PARTNER on tiktok
Me and them are BEST FRIENDS And I didn't even‚Ä¶ https://t.co/lxKe1muHZF",2023-03-29 21:43:53+00:00
benlandautaylor,"Today in tech discourse: 

1) ""We demand some kind of unspecified regulation on AI""
2) ""Oh no our demands for regul‚Ä¶ https://t.co/TltWT444YS",2023-03-29 21:43:50+00:00
waddup2020,@EstateLevy @TOMTHEPHILO Agents have been drinking their own TikTok Kool aid.,2023-03-29 21:43:50+00:00
vschaumann1,"This is not a bill to ban tiktok. This is a bill to literally cream the American people. Your rights , your privacy‚Ä¶ https://t.co/WbM2cUnEcL",2023-03-29 21:43:50+00:00
Tahunbaru2045,Lihat video Dimensity99! #TikTok https://t.co/tkL6N2DEPe,2023-03-29 21:43:49+00:00
AuroraMaqui,@TrevorBader6 You are my Auroranauts üòéNauts for short. I use it way more on Tiktok than Twitch,2023-03-29 21:43:49+00:00
petros07656720,Check out Where am I's video! #TikTok https://t.co/Z22aWZPJlL,2023-03-29 21:43:49+00:00
mahire98,"seLlinG manY instagRAm &amp; twiTteEr accOuNts at lOW pRices. hmu for deTails..

saLe seLl bUy BuyIng twItter TikTok Yo‚Ä¶ https://t.co/ReJSjKFi8P",2023-03-29 21:43:46+00:00
stathacks_,Y‚Äôall dm me now for any hacking services #snapchat #email #recovery #snapchat #snapchatdown #instagramdown‚Ä¶ https://t.co/95PmKeVyKL,2023-03-29 21:43:44+00:00
meoupaw,"Sosmed Needs nya ready ya, fast respon WhatsApp^^

t. ada yg yang jual folls followers view like share ig Instagram‚Ä¶ https://t.co/takD9JA0CC",2023-03-29 21:43:44+00:00
ScarletMarxist,@MasonMo06954157 @robert_sam_ @benshapiro @elonmusk Using libs of tiktok who constantly lies as a source is crazy.‚Ä¶ https://t.co/85zLH3BFFX,2023-03-29 21:43:43+00:00
jolenemango,"Judge Lynn Toler was one of my fav.  people to hear speak about marriage. 

Recently, she lost her husband &amp; she‚Äôs‚Ä¶ https://t.co/gDOlQA2MBX",2023-03-29 21:43:42+00:00
renornana,"i find those fanmade kpop reactions so weird and cringe like those ""nct reacting to jungkook tiktok compilation"" or‚Ä¶ https://t.co/xzPOD46ewV",2023-03-29 21:43:39+00:00
EddieConroy10,"@SenRandPaul @tiktok_us Make a Tic Tok ban stand alone, no broad Patriot Act type powers, Trojan Horse...",2023-03-29 21:43:38+00:00
AhmadJa99907531,Check out imrankhan's video! #TikTok https://t.co/Nf5SxGB1lD,2023-03-29 21:43:34+00:00
Morris_young,YouTube kick twitch IG tiktok they don‚Äôt give a fuck about you being alive or dead stop fighting for them and get money on all of them,2023-03-29 21:43:32+00:00
HRCollectiveNow,"Check out Kat Abu's video! #TikTok #FirstAmendment
https://t.co/vuX3DNGrDh",2023-03-29 21:43:31+00:00
hectorofficialy,Check out We are a newspaper.'s video! #TikTok https://t.co/zsdJVZr1OB,2023-03-29 21:43:29+00:00
neos769lynn,I tought we we're just merely banning Tiktok due to national security...I hope they don't ban Russian or Korean pla‚Ä¶ https://t.co/XcTaz5jBJR,2023-03-29 21:43:29+00:00
AleChavarria_T,"This is the way.

https://t.co/8dIKdXrvQP",2023-03-29 21:43:29+00:00
FranciscoGlen12,Check out Michele's video! #TikTok https://t.co/bCdMTRwP6u,2023-03-29 21:43:28+00:00
ChrisBober,"Do you know how to make your home stand out to buyers? #Nebraskarealty #TeamBober #NR2023 
Check out Team Bober Neb‚Ä¶ https://t.co/g9jqEtGrQn",2023-03-29 21:43:27+00:00
LXXBOOM0823,@Kat_Cammack So you also play tiktok??Ôºühypocrisyüëéüëéüëé https://t.co/TjdOOYVJx1,2023-03-29 21:43:27+00:00
been2heaven,this goes viral on tiktok bc people find out she used to be in a band -&gt; brand new music video released for this so‚Ä¶ https://t.co/k58NaM8GVo,2023-03-29 21:43:26+00:00
sanriohoshi,@joshuaIover this is so fucked none of this was her fault this poor girl she‚Äôs already getting mocked on tiktok now by news outlets??,2023-03-29 21:43:26+00:00
Williehacksit,Contact me now for Hacking or Recovery of Any Account ! #btc #Binance #TrustWallet #blockchains #NFTs #reddit‚Ä¶ https://t.co/MEg6gYsr7z,2023-03-29 21:43:25+00:00
walker_hack7,"You need a Hacker for your service DM now very Reliable #DataScience #Cybersecurity
For #Snapchat #WhatsApp #TikTok‚Ä¶ https://t.co/HRa9TgWWtE",2023-03-29 21:43:24+00:00
MikeQuill_,@curtsummers_ Thanks Curt bro!! Hope you‚Äôre doing well bro! Seen you spitting facts on TikTok the other day,2023-03-29 21:43:22+00:00
queencc23,@RepSpartz  needs to realize that tiktok isn't a problem. Or anything that has to do with that new bill. Smh. Y'all‚Ä¶ https://t.co/TdAIMGcruU,2023-03-29 21:43:22+00:00
NormaC13548391,@joshkeaton A better bill would be allowing us to completely restrict what data we allow to be collected about us &amp;‚Ä¶ https://t.co/x2hvytZag9,2023-03-29 21:43:22+00:00
Carlost20096178,Check out RayRay1776's video! #TikTok https://t.co/0swWfuInHe,2023-03-29 21:43:21+00:00
Schmuutzde,"Is this a hole-in-one?ü§î

(via @GolfonCBS , HT Iamkendall/TikTok)https://t.co/0hM6fVbzrS",2023-03-29 21:43:21+00:00
hanicidal,i was watching a tiktok and i bit my phone and watched the chips,2023-03-29 21:43:21+00:00
PinkoPatriot,"Okay when I said we should ban TikTok or force ByteDance's subsidiary to be sold to a US company, this is absolutel‚Ä¶ https://t.co/7pkh0khYL3",2023-03-29 21:43:18+00:00
kyleuxr,The irony of how US law makers now care about ‚Äúspying on its citizens‚Äù i.e TikTok etc when @Snowden is considered a‚Ä¶ https://t.co/iceP23D5mQ,2023-03-29 21:43:15+00:00
Patrick_Lowry_,Nothing like using TikTok as an excuse to further push tyranny and surveillance. https://t.co/xT18IgF7Gr,2023-03-29 21:43:13+00:00
CocoJenell,@ThisIsBoonie I was thinking of trying wallpaper. üòÇ saw it on TikTok and signedbyblake on IG.,2023-03-29 21:43:12+00:00
SkadoodlyD,"@penbbles What the fuck? That's actually so weird what, I knew the banning tiktok thing was a coverup for something‚Ä¶ https://t.co/aENzk6m2ws",2023-03-29 21:43:12+00:00
Quinndredd,"@land_sam02 @SkintyalFia Yeah but BMTHs biggest song was a Tiktok trend and they still went for that. Also, that‚Äôs‚Ä¶ https://t.co/Ts6CeWjH8g",2023-03-29 21:43:12+00:00
SSJMYOUS,EP61: @SSJMYOUS ON TIKTOK (i didnt wanna do it)/// APEX LEGENDS https://t.co/BuXMDrS4Ya,2023-03-29 21:43:11+00:00
Vandalyzm,"Yeah I was not cool, and still not cool with overly intrusive apps. So the things Tiktok were doing or whatnot scar‚Ä¶ https://t.co/7DecRE7GBu",2023-03-29 21:43:10+00:00
ngeniosexe,"Shoutout to my mama/papa @/NikiOfTheClouds who posted the tiktok of their rigging, its their talent that blew up, a‚Ä¶ https://t.co/QsJNxMYEnb",2023-03-29 21:43:10+00:00
8adec71eab07471,Check out Kuttikaminicheezz's video! #TikTok https://t.co/OuQ0hY8F6i,2023-03-29 21:43:07+00:00
LeeFull247,@APompliano @cvpayne Ban TikTok because of It's supposed connection to the Chinese Government... It's not like Face‚Ä¶ https://t.co/e0m5HFdpgp,2023-03-29 21:43:05+00:00
aebedotwt,@pebblessss12 RIGHT ?? tiktok is so insane like No jessica  ur not aether and neither am i bc im literally making out with him as we speak,2023-03-29 21:43:03+00:00
neriwehn,"me: 'i go to bed guys, good night!'
also me: goes to actual lay in bed to scroll on twitter &amp; tiktok for the next 2h 

i got issues üòÖ",2023-03-29 21:43:03+00:00
gardgoldsmith,"Join the Conspiracy, TONIGHT, from 6-7:30, as we dig into facts + fascist fictions of govt, lookin' at the Anti-Tik‚Ä¶ https://t.co/eqDZcPl3mJ",2023-03-29 21:43:02+00:00
justReesie,"Brenton Stoffberg is live on TikTok right now and I want to be in a jol dancing to the tunes he‚Äôs moering on there. 

I MISS THE JOL!!!!",2023-03-29 21:43:02+00:00
SPEEDSLAWS,"// TIKTOK DON'T DO THIS TO ME, I'd prefer not to cry at 10:42 pm https://t.co/54cQg2ToJD",2023-03-29 21:43:00+00:00
jil_crxmx,@elonmusk Iuuuw change back how videos look on this App. I don't need a tiktok 2.0 think,2023-03-29 21:42:59+00:00
echo_realms,Check out sorrymissjackson's video! #TikTok https://t.co/py4RUhtC97,2023-03-29 21:42:58+00:00
ThemboSocialist,"TW// VIOLENCE HATECRIMES THREATS

twitter do your thing 

i was just in a tiktok live of a pro trans rally where th‚Ä¶ https://t.co/6YEkLrTEp2",2023-03-29 21:42:57+00:00
hacker_coolfrey,"Account Hack, Wallet Hack, Tiktok, Instagram, Facebook, Bitcoin, Coinbase...
I'm Available 24/7.",2023-03-29 21:42:54+00:00
lilheartlilbody,"‚âª‚îÄ‚îÄ‚îÄ‚îÄ‚îÄ ‚ãÜ‚ú©‚ãÜ ‚îÄ‚îÄ‚îÄ‚îÄ‚îÄ‚â∫
other socials

‚ú≠ priv twitter: @lilheartlilmind 

‚ú≠ main tiktok: @.lilheartlilbody 

‚ú≠ edit tikto‚Ä¶ https://t.co/tdRGGY9MEM",2023-03-29 21:42:54+00:00
mahire98,"SeLlinG 12.200 foLlOwers twiTter accounT.

tag- saLe seLl bUy BuyIng twItter TikTok YouTube preMium cHeap sEllIng A‚Ä¶ https://t.co/GzLSwA0ZpD",2023-03-29 21:42:54+00:00
neffer02,"@melindagates @BillGates @WarrenBuffetter @Oprah @EllenDeGeneres maybe you could help protect schools ?
It is so sa‚Ä¶ https://t.co/E0nVEjW7Ik",2023-03-29 21:42:51+00:00
Meosnfbis,@Chunkymoon_ And they could use that data ‚Äú in a way that poses national security threats or spread propaganda to U‚Ä¶ https://t.co/Q8HK4f5huZ,2023-03-29 21:42:51+00:00
Silvux0,@beepohthesnack i saw that tiktok i didnt even notice she had a missing arm until i was like 6 posts in,2023-03-29 21:42:48+00:00
echo_realms,Check out skydiving_official's video! #TikTok https://t.co/TtV0FS8BEq,2023-03-29 21:42:48+00:00
Counterfeit_Sol,@michaelmalice I can get my news from tiktok.,2023-03-29 21:42:47+00:00
SfNerdyGirl,"What a week! Ash's VA liked my Tweet, got my autograph from Fred, Rob freaking Paulsen replied to me on TikTok! My‚Ä¶ https://t.co/6tinByv7hG",2023-03-29 21:42:46+00:00
djlafrique,@JKJeonEuphoria Tiktok armys are so insufferable üò≠üò≠,2023-03-29 21:42:45+00:00
manifestluvv,Je viens de voir une phrase sur tiktok je relate tellement : enhypen is for the people who couldn‚Äôt ask for help but wanted to be saved,2023-03-29 21:42:44+00:00
Kev_Uchiha41,@IVSeaVI @WinderLeaks @myunclesmemes That‚Äôs exactly why they wanna ban TikTok. All the good information that‚Äôs on there,2023-03-29 21:42:42+00:00
edfiii,"@HawleyMO I'm all for banning TikTok because of what it is and who is behind it.  But, I don't care if support is r‚Ä¶ https://t.co/xyQW9ZrMJi",2023-03-29 21:42:38+00:00
kayedotjaye,Nooo if they ban tiktok where will all the nonblack gen z‚Äôs get their personalities???,2023-03-29 21:42:38+00:00
Trix_Eater,"@Official_Dregs @Blade___McG They don't want to ban TikTok for its CCP spying, they want to photocopy &amp; expand the‚Ä¶ https://t.co/XQZnNDY2sb",2023-03-29 21:42:36+00:00
virtualomar,@andrewmartonik they're all busy trying to ban tiktok,2023-03-29 21:42:36+00:00
Justice121264,Check out BeastChild's video! #TikTok https://t.co/eBGIphLT1G,2023-03-29 21:42:35+00:00
desertrose_614,Check out Nakai's video! #TikTok https://t.co/f8let7sWtv,2023-03-29 21:42:33+00:00
merrengue,@greg_price11 Homeland security has been doing exactly that for the last 20 years.. spying on everyone and now it‚Äôs‚Ä¶ https://t.co/DyYwK5VenT,2023-03-29 21:42:31+00:00
drinkersite,Check out Larry Lexicon's video. #TikTok https://t.co/Wycyb0AL0S,2023-03-29 21:42:28+00:00
HYUNLIXFAIRIESL,@leecherrylix According to tiktok he's like most mums and aunties bias already üòÜ I AINT NO GATEKEEPER BUT....... LINE UP,2023-03-29 21:42:28+00:00
riaaaa198,tiktok is my happy place.,2023-03-29 21:42:28+00:00
hollyc42,Check out The Rachel Maddow Show's video! #TikTok https://t.co/UPAjELba9h,2023-03-29 21:42:26+00:00
yeonhoIic,@lgbtjinho she told me 'i was this tiktok of idle where they had to choose dating women or men and they all chose w‚Ä¶ https://t.co/yKLoKbJIsG,2023-03-29 21:42:26+00:00
_deLaaaLi,"the tiktok girlies did not lie, wearing an actual night gown(the satin two piece ones) to bed feels luxe üòÆ‚Äçüí®",2023-03-29 21:42:24+00:00
jjangxings,"If you guys ever see me liking your stuff on tiktok, no you didn't.",2023-03-29 21:42:23+00:00
DroFaustina,it‚Äôs crazy they wanna limit our COMMUNICATION aka ban tiktok but disregard only 3 months into 2023 there has been r‚Ä¶ https://t.co/c5JBnGq3ec,2023-03-29 21:42:23+00:00
LibsOwner,"@BrendanCarrFCC I bet $APPL is more important for #CCP than TikTok. Yes, TikTok should be banned, but Mark Warner's‚Ä¶ https://t.co/UQy0ZF3Ur4",2023-03-29 21:42:23+00:00
bmcasey925,"@TrashBat_1111 @Lou_322 Now there's a TikTok video. N'ah, seriously, you look better.",2023-03-29 21:42:23+00:00
iamsarahjj,@m2wrldbtch I did my dance one time on TikTok and went viral with it,2023-03-29 21:42:22+00:00
moonbreem,Some pleb on tiktok tried to say that Brand New‚Äôs first album isn‚Äôt pop punk. Lmfao literally what?,2023-03-29 21:42:22+00:00
uhteaspoon,I had to go down to the TikTok and look bc I LEFT after a min! https://t.co/JOL16CnvlT,2023-03-29 21:42:21+00:00
Indytruther1,Check out We‚Äôre all in this together's video! #TikTok https://t.co/e1QbAR6vuY,2023-03-29 21:42:20+00:00
growlingpanther,"Pres Trump, always the pragmatic visionary, had banned TikTok by executive order. This was quickly revoked by bumbl‚Ä¶ https://t.co/yzrYPS0HQi",2023-03-29 21:42:20+00:00
darkskin_qqueen,"New Vlog out now! | #tiktok #tiktokbanned #tiktokdown 

https://t.co/dFc8oqc8xh https://t.co/LWE2hMDpRQ",2023-03-29 21:42:20+00:00
JAMRamblings,"The ""ban TikTok Bill"" doesn't ban tiktok,  It doesn't say TikTok anywhere in the bill.
Basically giving the governm‚Ä¶ https://t.co/wxqn5yEHLu",2023-03-29 21:42:20+00:00
LegaINL,"Funny Americans not understanding their country was conceived through hate, politicized through hate and defends it‚Ä¶ https://t.co/Jx7EZA6MCJ",2023-03-29 21:42:19+00:00
ScarletMarxist,@robert_sam_ @MasonMo06954157 @benshapiro @elonmusk If you wanted to find the facts on this stuff it exists. Libs o‚Ä¶ https://t.co/rVQbSw77y1,2023-03-29 21:42:18+00:00
KingHenryTweets,Check out https://t.co/hzGdXx4pX6's video! #TikTok https://t.co/Pe2vlLxzcM,2023-03-29 21:42:17+00:00
layni_o_,found this on tiktok,2023-03-29 21:42:16+00:00
athtricities,"Truth!!
Check out BAN TIKTOK's video! #TikTok https://t.co/3evBnTyP7B",2023-03-29 21:42:15+00:00
jamiedupree,"In the TikTok debate - this might be the first time these words have ever been uttered on the Senate floor...

Rubi‚Ä¶ https://t.co/gF9shZf7sD",2023-03-29 21:42:15+00:00
WeatherwaxVimes,üßµ The TikTok Ban bill is more than just about TikTok https://t.co/eJtwIJjiis,2023-03-29 21:42:15+00:00
oliviaraustin,"Little TikTok Project I did earlier this month!

https://t.co/795d42OZ59",2023-03-29 21:42:15+00:00
guayaobaslykm,When will we be able to connect Instagram and Tiktok @QuaiNetwork #QuaiNetwork,2023-03-29 21:42:14+00:00
clusternz,"Mr Wiseman on TikTok https://t.co/JeQ7nqn8tg As I sit on the coach, I turn on the television with so much excitemen‚Ä¶ https://t.co/gtmduRmSxw",2023-03-29 21:42:14+00:00
WayneCAlderman,@OmgItzRaina Check out Raina Huang's video! #TikTok https://t.co/6Sv1HA5ftu,2023-03-29 21:42:14+00:00
aroengbinang,the Changing World Order #TikTok https://t.co/4zmttoDMUH,2023-03-29 21:42:12+00:00
rileyarnie,"Someone on TikTok generated a Batman storyline using AI and the voice is Kevin Conroy‚Äôs. While I enjoyed the it, idk how to feel about it.",2023-03-29 21:42:11+00:00
PinkoPatriot,"@Sethmr1989 @bradneuberg The news of how far it goes is breaking like... right now. Today. Wow.

https://t.co/SzcuS8WzkF",2023-03-29 21:42:10+00:00
ShandaRogers_,Unboxing World‚Äôs üåésmallest phone üì±üò±#TikTok https://t.co/2zHkrL6Efs,2023-03-29 21:42:09+00:00
DomnicRunyan,@itsdaddy1990 What happened to your tiktok,2023-03-29 21:42:09+00:00
Rose_Thornheart,"@_Hankeroni_ The new act that the US is putting in is banning tiktok, Bpns, and basically stripping rights",2023-03-29 21:42:04+00:00
EMbunchofnumbrs,@patriot_melissa @NBCNews @MSNBC Hi please provide one example of a transgender person posting on TikTok about kill‚Ä¶ https://t.co/GMn5E3b7tx,2023-03-29 21:42:02+00:00
DesmondSun3,"Light rail has arrived in Africa. China is investing hundreds of billions in Africa to boost infrastructures, the b‚Ä¶ https://t.co/INNo1Xrofs",2023-03-29 21:42:01+00:00
Karoli,"Honestly, good luck banning an app like tiktok. 

I don't use it but a TON of people do and they should have the choice to use it.",2023-03-29 21:42:00+00:00
CiscoSystemsIN0,"If you need Help with recovering any Hacked Account, Mails, Tiktok, Snapchat, Instagram etc..
I'm available 24/78
I‚Ä¶ https://t.co/LMZrpMA2YT",2023-03-29 21:41:58+00:00
Oracle1745,@DrewPavlou Why ban TikTok and not Facebook and Google ?,2023-03-29 21:41:54+00:00
socmedneed,"Jual folls like view instagram, folls like view tiktok, subs like view youtube, folls shopee, folls like retweet vi‚Ä¶ https://t.co/TsaIqIsaNd",2023-03-29 21:41:54+00:00
SkyNewsAust,Shadow Home Affairs Minister Karen Andrews says the fact that the Australian government hasn‚Äôt banned TikTok on gov‚Ä¶ https://t.co/MnADaGU3TR,2023-03-29 21:41:54+00:00
RenaissanceBK,Umm is he alive since posting this tiktok? https://t.co/fEoXYiISzM,2023-03-29 21:41:53+00:00
ENVDTV,We all have that one friend!  #TikTok https://t.co/owiqHmZqyc #sonsoftheforest #funny #gaming,2023-03-29 21:41:52+00:00
lipa0902,"Some government officials in the US are so envious of the CCP-censored version of TikTok used in China, called Douy‚Ä¶ https://t.co/HXQhYWs5IH",2023-03-29 21:41:52+00:00
Tonko35,"üëøüòéüë∫ü§£üòÇüòé

%!(EXTRA string=Mister Negative) https://t.co/jUj6MFv0BM",2023-03-29 21:41:52+00:00
Slutting80,"Good for Rand Paul, banning TikTok is just some xenophobia mess orchestrated by folks who have no idea how TikTok w‚Ä¶ https://t.co/ffxIEaxwAH",2023-03-29 21:41:50+00:00
RileyBearWryly,Super impressed. Way to go William. Love the emotion.  Im so proud of you.   https://t.co/CcD7ggUani https://t.co/fUEP9aNhmz,2023-03-29 21:41:47+00:00
ADustinChandler,"Is this like suing a drug dealer??

https://t.co/8jOeXmOcH3",2023-03-29 21:41:46+00:00
8adec71eab07471,Check out PTI COMRADE ü§û's video! #TikTok https://t.co/aZzMESJDD6,2023-03-29 21:41:45+00:00
Meosnfbis,"@Chunkymoon_ There may be a small chance, since the reason is over national security concerns because the Chinese c‚Ä¶ https://t.co/ckmKUosYKW",2023-03-29 21:41:44+00:00
fiaslut,@strawchewer_ i ALWAYS see the first one on tiktok üò≠,2023-03-29 21:41:44+00:00
timmins316,China-Focused TikTok Scrutiny Ignores Similar Privacy Concerns in US-Owned Apps https://t.co/125VnGSSEk via @truthout,2023-03-29 21:41:43+00:00
TweetyThings1,@TheH2 I suspect any bill that members of #Congress who participated in the #tiktok hearing may write will have uni‚Ä¶ https://t.co/s1LRmAH2u4,2023-03-29 21:41:42+00:00
tayIorye,o tal do about you no tiktok https://t.co/COWqJgdjfQ,2023-03-29 21:41:41+00:00
psychicamberlee,Check out Webdevil33's video! #TikTok https://t.co/XpegwENCkW Don‚Äôt let me cry üò¢,2023-03-29 21:41:41+00:00
CT02798,Late night TikTok lives are elite https://t.co/dcATtgjh67,2023-03-29 21:41:40+00:00
takeachance_VP,"BTW, aside from THIS ship, I've been doing some looking and thinking about this whole tiktok ban, etc. I'm just say‚Ä¶ https://t.co/xBl1NHBdIp",2023-03-29 21:41:38+00:00
a02m_1,Saw 1 clip on tiktok looked decent,2023-03-29 21:41:37+00:00
poptiism,@richellerianTV @helenaundead poppyupdates probably chose tiktok themselves,2023-03-29 21:41:36+00:00
TWICE_MARVEL,@wondrfulrainbow They have 2 mill followers on tiktok. They‚Äôre so popular idk how a company can fumble that.,2023-03-29 21:41:36+00:00
kejames13,When Fairy Tail edits come up on my TikTok and make me wanna watch my favourite anime again... https://t.co/8wH7skAxoq,2023-03-29 21:41:34+00:00
FreedomWorks,"Ôøº The Political Class's Attacks On TikTok Ultimately Insult the American People: ""How shameful it is that U.S. poli‚Ä¶ https://t.co/QpfxaFhIJT",2023-03-29 21:41:34+00:00
FellerSuthern,"@SarahHuckabee Hahaha.. Arkansas ü§¶‚Äç‚ôÇÔ∏è

Yes.. Facebook and tiktok are what Arkansas folks are struggling with. 

Good lawd y'all.",2023-03-29 21:41:33+00:00
Youtube49488110,"Much is being said, but nothing is being done.
https://t.co/narfm4vOyl",2023-03-29 21:41:33+00:00
King_Louie45,"@greg_price11 I'd rather the Chinese Government spy on me than the USA Government spying on me. Tbh, I'd rather the‚Ä¶ https://t.co/dOHuoHGIFw",2023-03-29 21:41:32+00:00
faescircle,"Teehee lil TikTok before my heart gets ripped out

AU where they got a cute summer party in luz‚Äôs backyard ü•π‚Ä¶ https://t.co/nMz087tV6g",2023-03-29 21:41:32+00:00
keelooah,it's cuz of the boom in popularity on tiktok in 2020. hxhtiktok is a fckin nightmare regardless.,2023-03-29 21:41:30+00:00
KyomiSakagami,@dislike_coffe average tiktok ‚Äòautistic‚Äô they/them fag ‚ò†Ô∏è,2023-03-29 21:41:28+00:00
omilqnas,@Memeulous pls rate my edits of you out of 10 :) ( Eqlmslies on TikTok if the quality is bad !! )‚Ä¶ https://t.co/nmFzGu6t3M,2023-03-29 21:41:27+00:00
StephieSmallls,"at some point i will be ripped of editing autonomy why am i like this 

https://t.co/iaetOkKBp8",2023-03-29 21:41:26+00:00
LuuvvHale,@affewrld @YooHale Ok she doesn‚Äôt have twitter only Ig and TikTok,2023-03-29 21:41:23+00:00
LisaClaire_xo,You watch one sad dog video on tiktok and suddenly my page is full of them and I'm a crying mess.,2023-03-29 21:41:22+00:00
WellsMania,"Tried something different on the return episode of #WellsManiaPodcast 

@StonePayneProd and #WellsMania go #TikTok‚Ä¶ https://t.co/T2CTLKD5lb",2023-03-29 21:41:21+00:00
MelaniaGamer,"@SquidDiddly1989 TikTok isn‚Äôt really that bad , I‚Äôve learned some life hack cooking techniques and other life skill‚Ä¶ https://t.co/cWjkYFYyhK",2023-03-29 21:41:15+00:00
AustinOCTW,Is someone compiling a list of everyone voting in favor of S686? We need to be sure to get everyone who votes in fa‚Ä¶ https://t.co/ka6hopzkvo,2023-03-29 21:41:12+00:00
NicelyNice4,"https://t.co/9Edaut7t8f    The sad thing is that so many were coerced for jobs!  Sick, how the gov‚Äôt lied to the pe‚Ä¶ https://t.co/p3X3GnOaSQ",2023-03-29 21:41:11+00:00
MilfordWard,"@NuclearBeeC Bee, you a sneaker fan? what your TikTok profile? D",2023-03-29 21:41:10+00:00
cean0192837465,Fake nwes https://t.co/CvkAKcTcH6,2023-03-29 21:41:09+00:00
RedinBlue67,"@JudiciaryGOP
@GOP @LeaderMcConnell
@SpeakerMcCarthy
Ran Paul is not wrong. This current so called ban on Tic Tok w‚Ä¶ https://t.co/rOyTZrm5AL",2023-03-29 21:41:08+00:00
penbbles,@SkadoodlyD basically the whole 'banning tiktok' thing is just an excuse for the government to make VPNs illegal(up‚Ä¶ https://t.co/CZhYIrsa87,2023-03-29 21:41:07+00:00
askslim,"Right on Howard!

#TikTok https://t.co/NnJEE7NXNn",2023-03-29 21:41:06+00:00
GIO_W1O,Seen a Heather mason cosplay on tiktok I can die happy,2023-03-29 21:41:06+00:00
DeadsunPrime,@AndroidArts Is that the purifier I have seen on tiktok where no one removes the plastic around the filter inside?,2023-03-29 21:41:06+00:00
theggoldenroad,"Cart vs Backpack, which would you choose?
https://t.co/mTe82hjQli",2023-03-29 21:41:05+00:00
carlysintothat,I‚Äôve had an incredibly difficult time dressing myself over the last year and literally every great item I found was‚Ä¶ https://t.co/NBy5hFMuvQ,2023-03-29 21:41:04+00:00
RoyzFitness,kelsa ballerini is toned in see-through bodysuit tiktok¬†video https://t.co/eZFQhMzzgz,2023-03-29 21:41:04+00:00
anayduhpt2,"@JohnOjajuni @EnzoM33 N l√™, that‚Äôs what we doing w ur TikTok‚Äôs too",2023-03-29 21:41:03+00:00
rasm21080709,"This is what really happened in Tamaki Makaurau, Aotearoa, so for all of you who are cursing all Posie Parker was a‚Ä¶ https://t.co/xSFwvP3RGk",2023-03-29 21:41:02+00:00
BLovaney,"@JackRay9799 @MAJTOURE Then you don't support freedom. Who is defining ""mental illness"" in your world? The governme‚Ä¶ https://t.co/x5hsDvhZNo",2023-03-29 21:41:02+00:00
vorztoken,@BrendanCarrFCC We've got a solution people and it's called Decentralized TikTok! ü§£,2023-03-29 21:41:02+00:00
thechubbyaunty,@BigBodyBenzzz__ Some lady on tiktok had the matching sweatsuit üò≠,2023-03-29 21:41:02+00:00
ggwavee,"I got to make a TikTok to Jiggy in Jersey pt.2, waiting for the next lit/festive day it‚Äôs only right üî•",2023-03-29 21:41:00+00:00
CiscoSystemsIN0,"If you need Help with recovering any Hacked Account, Mails, Tiktok, Snapchat, Instagram etc..
I'm available 24/7
In‚Ä¶ https://t.co/kpKGHtNg3v",2023-03-29 21:40:59+00:00
xtina2026,"Check out Whitney's video! 
#BanAssaultWeaponsNow  #TikTok https://t.co/2fbm85eqpK",2023-03-29 21:40:59+00:00
sussedoutemoooo,@thespace_daddy @XXXJunoX Did your TikTok account get deleted? I can‚Äôt find it,2023-03-29 21:40:59+00:00
Indytruther1,Check out andymetalReviews's video! #TikTok https://t.co/grihMatBmW,2023-03-29 21:40:58+00:00
TiaKinay,"Would the US ban TikTok if it was owned by an American, a Brit, a European or a Scandinavian?",2023-03-29 21:40:58+00:00
ImClarkGarcia2,"HOLY WEEK 2023 (03/30/23)

https://t.co/kh76yqqNvX
#givethanks 
#DonMoen 
#HolyWeek2023 
#TheBlogcast‚Ä¶ https://t.co/4csksXc0JZ",2023-03-29 21:40:57+00:00
neeco_tripp,@seanhannity I‚Äôm going to leave this right hereüëáüèø! Trump says he doesn‚Äôt know who posted the picture of him holding‚Ä¶ https://t.co/Vay0tEAVTi,2023-03-29 21:40:57+00:00
Indytruther1,Check out https://t.co/9jPDiIvMTz video! #TikTok https://t.co/sGSznCsT8n,2023-03-29 21:40:56+00:00
stolenwisteria,20 years for using tiktok vs rapists walking free in under a year is so unserious https://t.co/PLmDusy8R1,2023-03-29 21:40:55+00:00
Indytruther1,Check out https://t.co/9jPDiIvf41 video! #TikTok https://t.co/sGSznCsliP,2023-03-29 21:40:54+00:00
Officialjrr23,You know America is f‚Äôed up when TikTok is going to get banned before assault rifles ever do.,2023-03-29 21:40:54+00:00
alikeWong,@HuXijin_GT And interesting thing is CCP banned tiktok to all chinese people. You already did kn baning tiktok,2023-03-29 21:40:53+00:00
myawrldd,"@liyahwiyahhhh jackson state university, tiktok ain't helping w that tho maooo",2023-03-29 21:40:52+00:00
damncolli,@Kay2sw33t Girl this is the jamaican girl on tiktok? I here laughing nfü§£,2023-03-29 21:40:52+00:00
sandraa69323716,Check out user Sandra Sharp Anderson's video! #TikTok https://t.co/T41mRSs2vg,2023-03-29 21:40:52+00:00
domino_jack,Me. ü§î Trying to figure out what it is about this YouTube short that is doing better than all my other videos. I hav‚Ä¶ https://t.co/cVVQV1aEng,2023-03-29 21:40:51+00:00
CR77274848,Check out Brut.'s video! #TikTok https://t.co/FovRHK2jkk,2023-03-29 21:40:51+00:00
RotanZ_ACAB,Instead of banning tiktok get all this fucking porn off Twitter,2023-03-29 21:40:51+00:00
rufai_shamsu,@QuaiNetwork when we will start to see tiktok and Instagram reward on dashboard?,2023-03-29 21:40:49+00:00
LanternsOrder,As informative as i am about A.I the United states is not ready for it. Especially if this congress and senate are‚Ä¶ https://t.co/UbMtjOj6Zr,2023-03-29 21:40:47+00:00
mahire98,"SeLliNG 136.000 FoLlowERS insTagRAm accoUnt...

saLe seLl bUy BuyIng twItter TikTok YouTube preMium cHeap sEllIng A‚Ä¶ https://t.co/riB52aTMfC",2023-03-29 21:40:46+00:00
MzLada1,Check out unc_lz's video! #TikTok https://t.co/mnpcXdwIIc,2023-03-29 21:40:46+00:00
KingLDE3,@JahweelR Nah I seen holm on Tiktok earlier it just brought back ode memories üòÇüòÇüòÇüòÇ,2023-03-29 21:40:44+00:00
slowdang,"tiktok is actually a joke, how the fuck am i getting bullied by 14 year olds. half the kids on this app have never‚Ä¶ https://t.co/2YZxoPA47r",2023-03-29 21:40:41+00:00
matchalatte484,not me bookmarking every ceo chew tiktok edit that appears on my fyp üòÇ,2023-03-29 21:40:40+00:00
Alexand90333742,Check out evergladesoutpost's video! #TikTok https://t.co/N67JnMQgtj,2023-03-29 21:40:37+00:00
YasiR39383840,Check out HNGLOBALTV's video! #TikTok https://t.co/fQhwAFNqNe,2023-03-29 21:40:36+00:00
kathiekookie,"AAAAAAAAAAAAAAAAA IT THEM FINALLY 
https://t.co/FLCdBoskXd",2023-03-29 21:40:36+00:00
RBMEllis,Banning @tiktok_us is clearly unconstitutional. How is this even something congress is considering?,2023-03-29 21:40:36+00:00
George31570681,@kraywhiseheart Is the GoFundMe Link on TikTok still good. I just happened to remember that and checked it. It pull‚Ä¶ https://t.co/h65zCFb9s4,2023-03-29 21:40:36+00:00
LoudyLunaa,why does tiktok pick on me always removing my sounds n sht i do not be that explicit lol,2023-03-29 21:40:36+00:00
mumi049,I told you i blocked you by accident and yet you still didn't unblock me and you went on to unfriend me on tiktok I‚Ä¶ https://t.co/eiewQK9gNX,2023-03-29 21:40:34+00:00
Aegon68369204,Don't miss out. https://t.co/RyYhWThB1x,2023-03-29 21:40:33+00:00
nyaziatrinidad,making a fake TikTok to lurk is extreme üòÇüòÇüòÇ,2023-03-29 21:40:33+00:00
lizzy_miranda90,Check out Like Musiq 2 My Ears's video! #TikTok https://t.co/bRgcILy04l,2023-03-29 21:40:32+00:00
tqiiny,"‚åï odile open order Âõß

‚öò made by proses
‚öò all e-wallet &amp; qris
‚öò whatsapp : https://t.co/SN7fT3YSfU

t. Jual need wtb‚Ä¶ https://t.co/ze6mRPegXI",2023-03-29 21:40:30+00:00
SuzyQ08150160,Check out üíïChangeüíï's video! #TikTok https://t.co/adesikxSMQ hey Cult members of your guy @realDonaldTrump this is who you worship. Sad,2023-03-29 21:40:30+00:00
jgsngbrd,"WE ALL MUST STOP:  S.686 - RESTRICT Act
This is not about TikTok! https://t.co/mPYqidxF7B",2023-03-29 21:40:30+00:00
rowlett452,i‚Äôve made tiktok borderline unusable for myself my fyp is basically just soft core gay porn,2023-03-29 21:40:29+00:00
HipCityReg,"Tiktok gotta get banned because they‚Äôre starting to make videos about some of my favorite spots

And I gotta gatekeep that shit",2023-03-29 21:40:27+00:00
SHOUTOUT613,Check out King_G68's video! #TikTok https://t.co/fbnuvp3xhJ,2023-03-29 21:40:26+00:00
888ben888,i miss vine. i fucking hate tiktok. influencers are annoying.,2023-03-29 21:40:25+00:00
fappertapper69,"@genooocs Get used to it bozo and it's the gym and it's common so don't be afraid to ""over-the-short"" scratch yours‚Ä¶ https://t.co/PPMucKtzj2",2023-03-29 21:40:22+00:00
election_every,"@MichaelaWills2 @Canellelabelle @hunny2908 Here it is:

ALL 9 MINUTES WORTH!

https://t.co/1UH8jgzrPE",2023-03-29 21:40:21+00:00
wild_inx,Check out Sayheyjames's video! #TikTok https://t.co/wP4XNvvft4,2023-03-29 21:40:20+00:00
nbreavington,@JenLawrence21 This is why they want to ban Tiktok üíØ https://t.co/iJuanH0oWW,2023-03-29 21:40:19+00:00
hoodtayy,twitter trynna be like tiktok now im done,2023-03-29 21:40:19+00:00
kai_ehs,Sat in the car and got distracted by TikTok! üôÇ,2023-03-29 21:40:18+00:00
Rock3tSurg3on,"Check out Emily, Fairy, Nerd, Legend's video! #TikTok https://t.co/szmSpcNaFw

@RepMTG your America",2023-03-29 21:40:17+00:00
Kay2sw33t,I would watch Brittany TikTok until I fall asleep wake up and watch it again ! That‚Äôs my girl right there,2023-03-29 21:40:16+00:00
darianrudderham,"@GOP At around 1:20, there is a victim on the ground. That's a child that picked out what clothes to wear, packed t‚Ä¶ https://t.co/bRiP1H4EfZ",2023-03-29 21:40:15+00:00
HelenDisc,two great talented actors @RileyKeough and @SimuLiu singing on TikTok ! https://t.co/FZcRpb9lLq,2023-03-29 21:40:15+00:00
theillustaska,"God, please send me a bestie who loves anime as weird as I do and listens to progressive metal or hard rock music w‚Ä¶ https://t.co/BVR3aQd8eb",2023-03-29 21:40:14+00:00
SleepyToadstool,"New TikTok review! I absolutely love Chicory: A Colorful Tale and have tried to get all my friends to play it üñåÔ∏èüé®
https://t.co/DYIYp7j2U0",2023-03-29 21:40:14+00:00
Justice121264,Check out üéÄ Yamy üéÄ        üíã's video! #TikTok https://t.co/3M8UJ7CYIz,2023-03-29 21:40:13+00:00
ReutersPolitics,Republican Senator Rand Paul opposes TikTok ban push in Congress https://t.co/qIv8zMfSJm https://t.co/dr3BbA2bTq,2023-03-29 21:40:11+00:00
the1_Network,"TikTok has added another handy research tool for marketers, with a new ‚ÄòKeyword Insights‚Äô element in its Creative C‚Ä¶ https://t.co/wNq9osh2wR",2023-03-29 21:40:11+00:00
olisbahari,"I believe in 2nd amendment 100% &amp; it is our constitution rights.

People must have good training &amp; registration to‚Ä¶ https://t.co/OWxsHyYzDK",2023-03-29 21:40:11+00:00
karlbannsonr,This is what happens when #cops require less training than #barbers and #hairdressers‚Ä¶.they end up NOT KNOWING THE‚Ä¶ https://t.co/ZUXbnawWI0,2023-03-29 21:40:10+00:00
heonycroissant,wait omg my moot on tiktok found my priv twt account too üò≠,2023-03-29 21:40:10+00:00
kmangst,I just got a tiktok on my fyp but I'm so confused why there's a list of keywords üò≠,2023-03-29 21:40:09+00:00
Caxias,Check out Chris Mann's video! #TikTok https://t.co/A6SrUuAVsV,2023-03-29 21:40:08+00:00
Lansxwrld,@BonifideBeaut I saw it on tiktok a girl for casted for the toot toot video,2023-03-29 21:40:08+00:00
ChwangJulian,"So much boomer energy in this ‚ÄúAmericans support banning TikTok 57-36‚Äù poll. 

We are either a free country that em‚Ä¶ https://t.co/DWubFSy0Di",2023-03-29 21:40:08+00:00
secret_681,@thatdumbasshat @DanJD_93 @Alt4stuff12 @theserfstv Science supports them? Is there a scientific method yet to show‚Ä¶ https://t.co/KoICHLSO5S,2023-03-29 21:40:07+00:00
ugogarl,@seungkyumm No way! I just saw a tiktok about these sex parties in the us a few days ago and Seungkyum came to my m‚Ä¶ https://t.co/bChzVstZsb,2023-03-29 21:40:07+00:00
WNR357,I wonder how depressed TikTok Egirls are off camera.,2023-03-29 21:40:06+00:00
lesedmohub,"If you see me on a TikTok swearing at kids at Mall of Africa, it‚Äôs not the real me. I was hangry ‚òπÔ∏è don‚Äôt judge me.",2023-03-29 21:40:06+00:00
echo_realms,Check out Sage ‚≠êÔ∏èüçÉ's video! #TikTok https://t.co/Ziw6KbL9Nt,2023-03-29 21:40:04+00:00
CiscoSystemsIN0,"No delay Hurry
Inbox me Now!!
If you need Help Recovering from Hack and Unauthorised Access.
Account Hack, Wallet H‚Ä¶ https://t.co/KPywrga87H",2023-03-29 21:40:04+00:00
mahire98,"SeLliNG 150.000 FoLlowERS instAgRam accoUnt...

saLe seLl bUy BuyIng twItter TikTok YouTube preMium cHeap sEllIng A‚Ä¶ https://t.co/ITefpEl1vM",2023-03-29 21:40:02+00:00
23ABCNews,Potential TikTok ban could limit small businesses' reach https://t.co/a3RnRP9a73,2023-03-29 21:40:02+00:00
HackerAran7,For #Snapchat #WhatsApp #TikTok #Instagram Hacking or Recovery Dm #MachineLearning #DataScience #SQL #BigData‚Ä¶ https://t.co/wWjfGuv5mI,2023-03-29 21:40:02+00:00
mstewart__1,"What I'm reading about the ""Restrict Act"" (TikTok ban) is chilling but almost certainly wrong.",2023-03-29 21:40:01+00:00
planet_easton,@pidgepidgepodge it was a tiktok where an artist drew ruby and sapphire as klance,2023-03-29 21:40:01+00:00
GiftFromMarz,It‚Äôs so nasty how they made it so much about TikTok. I‚Äôm annoyed https://t.co/yXwua8UKBY,2023-03-29 21:40:00+00:00
CHASS_Aus,"Full #free access to article, 'Understanding the popularity and affordances of TikTok through user experiences', https://t.co/vIE1haU0ir",2023-03-29 21:40:00+00:00
tmym_la,Check out EllieRenee_Official! TikTok https://t.co/cwBQanFSk3,2023-03-29 21:39:59+00:00
Carlost20096178,Check out KingAnonmus's video! #TikTok https://t.co/y7ny5FzDgH,2023-03-29 21:39:54+00:00
Adolph_Vero,Check out liveincommiefornia's video! #TikTok https://t.co/lYucBldJrY,2023-03-29 21:39:54+00:00
8adec71eab07471,Check out ‚ö°B the Best Version of Urself‚ö°'s video! #TikTok https://t.co/2vEk1uxrSH,2023-03-29 21:39:51+00:00
ShadiFilisteen,"@PayneAlby @APompliano Bill S686 is what they're using to get TikTok out...READ IT!!! It's not about TikTok, it's a‚Ä¶ https://t.co/HuiLqkXEp5",2023-03-29 21:39:49+00:00
witnessmekp,@BigLilJosh @lipaprint @metformen_ @RavioliGeorgeC @adrianlittles @virgosgroove_ @Kk029922 Damn this is some incel‚Ä¶ https://t.co/IjN1LgbJse,2023-03-29 21:39:48+00:00
kiiityberrry,@promazter85 @cyder_tv he doesn't have tiktok..,2023-03-29 21:39:48+00:00
aof_full,"#Nuremberg2Now 

Check out Side Hustle Momma News's video! #TikTok https://t.co/QSLObNDQRe",2023-03-29 21:39:45+00:00
nbcchicago,"Report: Purdue University Blocks TikTok on School's Wi-Fi Network
https://t.co/MVBQiPQCky",2023-03-29 21:39:44+00:00
Bajanreddevil,I know tiktok is making this oxtail pizza look like the new it thing.  But that seriously doesn‚Äôt sound good to me,2023-03-29 21:39:44+00:00
Sultanknish,"Props to China which got AOC and libertarians to lobby for TikTok at the same time

AOC and the Left defend TikTok‚Ä¶ https://t.co/dLvCEKtvOB",2023-03-29 21:39:43+00:00
mikepolinske,"@SenRonJohnson  please vote against S686, aka the Restrict Act which supposedly bans TikTok, but doesn‚Äôt mention it‚Ä¶ https://t.co/eNSyIRxZ9v",2023-03-29 21:39:42+00:00
real_ccp_watch,That the US congress finds it so hard to ban an enemy app which successfully incites American youth to fight for it‚Ä¶ https://t.co/hLKfDKq6IX,2023-03-29 21:39:41+00:00
saoirseronansgf,life hasn‚Äôt been the same since https://t.co/GJtuMrVrza,2023-03-29 21:39:40+00:00
HDireh,Omo everywhere on my TikTok fyp is talking about how there‚Äôs about to be a shift  of World power from the US. The U‚Ä¶ https://t.co/GcdsRHWP7g,2023-03-29 21:39:39+00:00
ShepardWolfVT,So I've been making alternate history shorts on youtube and tiktok. Today there should be another short later today‚Ä¶ https://t.co/LnlkgV8Pvp,2023-03-29 21:39:38+00:00
dejureddy,"non-US watching US tiktok users freaking out about restrictions 
https://t.co/LzAHlqXBue",2023-03-29 21:39:37+00:00
kygrannyof12,Check out The Daily Show's video! #TikTok https://t.co/f6jqGtDXDh üëáüëáüëáThis right here,2023-03-29 21:39:37+00:00
Power2People4,"#Wednesday #wednesdaythought #Politics #Hypocrisy 

Dear DUMMY @DNC @TheDemocrats media, then why oh why was it so‚Ä¶ https://t.co/SGI2aL2nis",2023-03-29 21:39:36+00:00
RickSantini2,AOC TikTok defense ripped after Chinese parent company gave 6-figure donations to Hispanic caucus nonprofits | Fox‚Ä¶ https://t.co/8S8PZb8JFl,2023-03-29 21:39:36+00:00
amzdhami,"It‚Äôs quiet annoying when tiktok suspend you for no reason.

Don‚Äôt get why they suspend/ban people that haven‚Äôt done anything‚Ä¶ it‚Äôs stupid üò≠",2023-03-29 21:39:35+00:00
Gerardo43009504,Check out omar's video! #TikTok https://t.co/6jeUHpclan,2023-03-29 21:39:32+00:00
InfluencerDee,@girlgone_crypto Reminds me of the TikTok saga,2023-03-29 21:39:31+00:00
serephita,Kind of terrifying how well @Ben_Brainard summed up the TikTok hearing in this video - https://t.co/73gLXgzuIG,2023-03-29 21:39:31+00:00
RazorLynnWatts,I've become needed here already blowing up and only a hour posted if I miss a day I'm blown up with messages for mo‚Ä¶ https://t.co/KIgBwTsPz2,2023-03-29 21:39:30+00:00
miamipureblood1,Check out Sagey's video! #TikTok https://t.co/qM5AnAN9hH,2023-03-29 21:39:29+00:00
Ratatwinkie,just bought a charlotte tilbury flawless filter because everyone on tiktok said it was good https://t.co/hIQCJziZoH,2023-03-29 21:39:28+00:00
CelticCorpse,"This is the kinda shit you miss out on not being here xD

Made by BobTheMan007 on TikTok https://t.co/7FDtOZ3F02",2023-03-29 21:39:27+00:00
